n,max_load,rounds,
1000,3,4000,
1000,3,3998,
1000,3,3996,
1000,3,3994,
1000,3,3992,
1000,3,3990,
1000,3,3988,
1000,3,3986,
1000,3,3984,
1000,3,3982,
1000,3,3980,
1000,3,3978,
1000,3,3976,
1000,3,3974,
1000,3,3972,
1000,3,3970,
1000,3,3968,
1000,3,3966,
1000,3,3964,
1000,3,3962,
1000,3,3960,
1000,3,3958,
1000,3,3956,
1000,3,3954,
1000,3,3952,
1000,3,3950,
1000,3,3948,
1000,3,3946,
1000,3,3944,
1000,4,3942,
1000,3,3940,
1000,3,3938,
1000,3,3936,
1000,3,3934,
1000,3,3932,
1000,3,3930,
1000,3,3928,
1000,3,3926,
1000,3,3924,
1000,3,3922,
1000,3,3920,
1000,3,3918,
1000,3,3916,
1000,3,3914,
1000,3,3912,
1000,3,3910,
1000,3,3908,
1000,3,3906,
1000,3,3904,
1000,3,3902,
1000,3,3900,
1000,3,3898,
1000,3,3896,
1000,3,3894,
1000,3,3892,
1000,3,3890,
1000,3,3888,
1000,3,3886,
1000,3,3884,
1000,3,3882,
1000,3,3880,
1000,3,3878,
1000,3,3876,
1000,3,3874,
1000,3,3872,
1000,3,3870,
1000,3,3868,
1000,3,3866,
1000,3,3864,
1000,3,3862,
1000,3,3860,
1000,3,3858,
1000,3,3856,
1000,3,3854,
1000,3,3852,
1000,3,3850,
1000,3,3848,
1000,3,3846,
1000,3,3844,
1000,3,3842,
1000,3,3840,
1000,3,3838,
1000,3,3836,
1000,3,3834,
1000,3,3832,
1000,3,3830,
1000,3,3828,
1000,3,3826,
1000,3,3824,
1000,3,3822,
1000,3,3820,
1000,3,3818,
1000,3,3816,
1000,3,3814,
1000,3,3812,
1000,3,3810,
1000,3,3808,
1000,3,3806,
1000,3,3804,
1000,3,3802,
1000,3,3800,
1000,3,3798,
1000,3,3796,
1000,3,3794,
1000,3,3792,
1000,3,3790,
1000,3,3788,
1000,3,3786,
1000,3,3784,
1000,3,3782,
1000,3,3780,
1000,3,3778,
1000,3,3776,
1000,3,3774,
1000,3,3772,
1000,3,3770,
1000,3,3768,
1000,3,3766,
1000,3,3764,
1000,3,3762,
1000,3,3760,
1000,3,3758,
1000,3,3756,
1000,3,3754,
1000,3,3752,
1000,3,3750,
1000,3,3748,
1000,3,3746,
1000,3,3744,
1000,3,3742,
1000,3,3740,
1000,3,3738,
1000,3,3736,
1000,3,3734,
1000,3,3732,
1000,3,3730,
1000,4,3728,
1000,3,3726,
1000,3,3724,
1000,3,3722,
1000,3,3720,
1000,3,3718,
1000,3,3716,
1000,3,3714,
1000,3,3712,
1000,3,3710,
1000,3,3708,
1000,3,3706,
1000,3,3704,
1000,3,3702,
1000,3,3700,
1000,3,3698,
1000,3,3696,
1000,3,3694,
1000,3,3692,
1000,3,3690,
1000,3,3688,
1000,3,3686,
1000,3,3684,
1000,3,3682,
1000,3,3680,
1000,3,3678,
1000,3,3676,
1000,3,3674,
1000,3,3672,
1000,3,3670,
1000,3,3668,
1000,3,3666,
1000,3,3664,
1000,3,3662,
1000,3,3660,
1000,3,3658,
1000,3,3656,
1000,3,3654,
1000,3,3652,
1000,3,3650,
1000,3,3648,
1000,3,3646,
1000,3,3644,
1000,3,3642,
1000,3,3640,
1000,3,3638,
1000,3,3636,
1000,3,3634,
1000,3,3632,
1000,3,3630,
1000,3,3628,
1000,3,3626,
1000,3,3624,
1000,3,3622,
1000,3,3620,
1000,3,3618,
1000,3,3616,
1000,3,3614,
1000,3,3612,
1000,3,3610,
1000,3,3608,
1000,3,3606,
1000,3,3604,
1000,3,3602,
1000,3,3600,
1000,3,3598,
1000,3,3596,
1000,3,3594,
1000,3,3592,
1000,3,3590,
1000,3,3588,
1000,3,3586,
1000,3,3584,
1000,3,3582,
1000,3,3580,
1000,3,3578,
1000,3,3576,
1000,3,3574,
1000,3,3572,
1000,3,3570,
1000,3,3568,
1000,3,3566,
1000,3,3564,
1000,3,3562,
1000,3,3560,
1000,3,3558,
1000,3,3556,
1000,3,3554,
1000,3,3552,
1000,3,3550,
1000,3,3548,
1000,3,3546,
1000,3,3544,
1000,3,3542,
1000,3,3540,
1000,3,3538,
1000,3,3536,
1000,3,3534,
1000,3,3532,
1000,3,3530,
1000,3,3528,
1000,3,3526,
1000,3,3524,
1000,3,3522,
1000,3,3520,
1000,3,3518,
1000,3,3516,
1000,3,3514,
1000,3,3512,
1000,3,3510,
1000,3,3508,
1000,3,3506,
1000,3,3504,
1000,3,3502,
1000,3,3500,
1000,3,3498,
1000,3,3496,
1000,3,3494,
1000,3,3492,
1000,3,3490,
1000,3,3488,
1000,3,3486,
1000,3,3484,
1000,3,3482,
1000,3,3480,
1000,3,3478,
1000,3,3476,
1000,3,3474,
1000,3,3472,
1000,3,3470,
1000,3,3468,
1000,3,3466,
1000,3,3464,
1000,3,3462,
1000,3,3460,
1000,3,3458,
1000,3,3456,
1000,3,3454,
1000,3,3452,
1000,3,3450,
1000,3,3448,
1000,3,3446,
1000,3,3444,
1000,3,3442,
1000,3,3440,
1000,3,3438,
1000,3,3436,
1000,3,3434,
1000,3,3432,
1000,3,3430,
1000,3,3428,
1000,3,3426,
1000,3,3424,
1000,3,3422,
1000,3,3420,
1000,3,3418,
1000,3,3416,
1000,3,3414,
1000,3,3412,
1000,3,3410,
1000,3,3408,
1000,3,3406,
1000,3,3404,
1000,3,3402,
1000,3,3400,
1000,3,3398,
1000,3,3396,
1000,3,3394,
1000,3,3392,
1000,3,3390,
1000,3,3388,
1000,3,3386,
1000,3,3384,
1000,3,3382,
1000,3,3380,
1000,3,3378,
1000,3,3376,
1000,3,3374,
1000,3,3372,
1000,3,3370,
1000,3,3368,
1000,3,3366,
1000,3,3364,
1000,3,3362,
1000,3,3360,
1000,3,3358,
1000,3,3356,
1000,3,3354,
1000,3,3352,
1000,3,3350,
1000,3,3348,
1000,3,3346,
1000,3,3344,
1000,3,3342,
1000,3,3340,
1000,3,3338,
1000,3,3336,
1000,3,3334,
1000,3,3332,
1000,3,3330,
1000,3,3328,
1000,3,3326,
1000,3,3324,
1000,3,3322,
1000,3,3320,
1000,3,3318,
1000,3,3316,
1000,3,3314,
1000,3,3312,
1000,3,3310,
1000,3,3308,
1000,3,3306,
1000,3,3304,
1000,3,3302,
1000,3,3300,
1000,3,3298,
1000,3,3296,
1000,3,3294,
1000,3,3292,
1000,3,3290,
1000,3,3288,
1000,3,3286,
1000,3,3284,
1000,3,3282,
1000,3,3280,
1000,3,3278,
1000,3,3276,
1000,3,3274,
1000,3,3272,
1000,3,3270,
1000,3,3268,
1000,3,3266,
1000,3,3264,
1000,3,3262,
1000,3,3260,
1000,3,3258,
1000,3,3256,
1000,3,3254,
1000,3,3252,
1000,3,3250,
1000,3,3248,
1000,3,3246,
1000,3,3244,
1000,3,3242,
1000,3,3240,
1000,3,3238,
1000,3,3236,
1000,3,3234,
1000,3,3232,
1000,3,3230,
1000,3,3228,
1000,3,3226,
1000,3,3224,
1000,3,3222,
1000,3,3220,
1000,3,3218,
1000,3,3216,
1000,3,3214,
1000,3,3212,
1000,3,3210,
1000,3,3208,
1000,3,3206,
1000,3,3204,
1000,3,3202,
1000,3,3200,
1000,3,3198,
1000,3,3196,
1000,3,3194,
1000,3,3192,
1000,3,3190,
1000,3,3188,
1000,3,3186,
1000,3,3184,
1000,3,3182,
1000,3,3180,
1000,3,3178,
1000,3,3176,
1000,3,3174,
1000,3,3172,
1000,3,3170,
1000,3,3168,
1000,3,3166,
1000,3,3164,
1000,3,3162,
1000,3,3160,
1000,3,3158,
1000,3,3156,
1000,3,3154,
1000,3,3152,
1000,3,3150,
1000,3,3148,
1000,3,3146,
1000,3,3144,
1000,4,3142,
1000,3,3140,
1000,3,3138,
1000,3,3136,
1000,3,3134,
1000,3,3132,
1000,3,3130,
1000,3,3128,
1000,3,3126,
1000,3,3124,
1000,3,3122,
1000,3,3120,
1000,3,3118,
1000,3,3116,
1000,3,3114,
1000,3,3112,
1000,3,3110,
1000,3,3108,
1000,3,3106,
1000,3,3104,
1000,3,3102,
1000,3,3100,
1000,3,3098,
1000,3,3096,
1000,3,3094,
1000,3,3092,
1000,3,3090,
1000,3,3088,
1000,3,3086,
1000,3,3084,
1000,3,3082,
1000,3,3080,
1000,3,3078,
1000,3,3076,
1000,3,3074,
1000,3,3072,
1000,3,3070,
1000,3,3068,
1000,3,3066,
1000,3,3064,
1000,3,3062,
1000,3,3060,
1000,3,3058,
1000,3,3056,
1000,3,3054,
1000,3,3052,
1000,3,3050,
1000,3,3048,
1000,3,3046,
1000,3,3044,
1000,3,3042,
1000,3,3040,
1000,3,3038,
1000,3,3036,
1000,3,3034,
1000,3,3032,
1000,3,3030,
1000,3,3028,
1000,3,3026,
1000,3,3024,
1000,3,3022,
1000,3,3020,
1000,3,3018,
1000,3,3016,
1000,3,3014,
1000,3,3012,
1000,3,3010,
1000,3,3008,
1000,3,3006,
1000,3,3004,
1000,3,3002,
1000,3,3000,
1000,3,2998,
1000,3,2996,
1000,3,2994,
1000,3,2992,
1000,3,2990,
1000,3,2988,
1000,3,2986,
1000,3,2984,
1000,3,2982,
1000,3,2980,
1000,3,2978,
1000,3,2976,
1000,3,2974,
1000,3,2972,
1000,3,2970,
1000,3,2968,
1000,3,2966,
1000,3,2964,
1000,3,2962,
1000,3,2960,
1000,3,2958,
1000,3,2956,
1000,3,2954,
1000,3,2952,
1000,3,2950,
1000,3,2948,
1000,3,2946,
1000,3,2944,
1000,3,2942,
1000,3,2940,
1000,3,2938,
1000,3,2936,
1000,3,2934,
1000,3,2932,
1000,3,2930,
1000,3,2928,
1000,3,2926,
1000,3,2924,
1000,3,2922,
1000,3,2920,
1000,3,2918,
1000,3,2916,
1000,3,2914,
1000,3,2912,
1000,3,2910,
1000,3,2908,
1000,3,2906,
1000,3,2904,
1000,3,2902,
1000,3,2900,
1000,3,2898,
1000,3,2896,
1000,3,2894,
1000,3,2892,
1000,3,2890,
1000,3,2888,
1000,3,2886,
1000,3,2884,
1000,3,2882,
1000,3,2880,
1000,3,2878,
1000,3,2876,
1000,3,2874,
1000,3,2872,
1000,3,2870,
1000,3,2868,
1000,3,2866,
1000,3,2864,
1000,3,2862,
1000,3,2860,
1000,3,2858,
1000,3,2856,
1000,3,2854,
1000,3,2852,
1000,3,2850,
1000,3,2848,
1000,3,2846,
1000,3,2844,
1000,3,2842,
1000,3,2840,
1000,3,2838,
1000,3,2836,
1000,3,2834,
1000,3,2832,
1000,3,2830,
1000,3,2828,
1000,3,2826,
1000,3,2824,
1000,3,2822,
1000,3,2820,
1000,3,2818,
1000,3,2816,
1000,3,2814,
1000,3,2812,
1000,3,2810,
1000,3,2808,
1000,3,2806,
1000,3,2804,
1000,3,2802,
1000,3,2800,
1000,3,2798,
1000,3,2796,
1000,3,2794,
1000,3,2792,
1000,3,2790,
1000,3,2788,
1000,3,2786,
1000,3,2784,
1000,3,2782,
1000,3,2780,
1000,3,2778,
1000,3,2776,
1000,3,2774,
1000,3,2772,
1000,3,2770,
1000,3,2768,
1000,3,2766,
1000,3,2764,
1000,3,2762,
1000,3,2760,
1000,3,2758,
1000,3,2756,
1000,3,2754,
1000,3,2752,
1000,3,2750,
1000,3,2748,
1000,3,2746,
1000,3,2744,
1000,3,2742,
1000,3,2740,
1000,3,2738,
1000,3,2736,
1000,3,2734,
1000,3,2732,
1000,3,2730,
1000,3,2728,
1000,3,2726,
1000,3,2724,
1000,3,2722,
1000,3,2720,
1000,3,2718,
1000,3,2716,
1000,3,2714,
1000,3,2712,
1000,3,2710,
1000,3,2708,
1000,3,2706,
1000,3,2704,
1000,3,2702,
1000,3,2700,
1000,3,2698,
1000,3,2696,
1000,3,2694,
1000,3,2692,
1000,3,2690,
1000,3,2688,
1000,3,2686,
1000,3,2684,
1000,3,2682,
1000,3,2680,
1000,3,2678,
1000,3,2676,
1000,3,2674,
1000,3,2672,
1000,3,2670,
1000,3,2668,
1000,3,2666,
1000,3,2664,
1000,3,2662,
1000,3,2660,
1000,3,2658,
1000,3,2656,
1000,3,2654,
1000,3,2652,
1000,3,2650,
1000,3,2648,
1000,3,2646,
1000,3,2644,
1000,3,2642,
1000,3,2640,
1000,3,2638,
1000,3,2636,
1000,3,2634,
1000,3,2632,
1000,3,2630,
1000,3,2628,
1000,3,2626,
1000,3,2624,
1000,3,2622,
1000,3,2620,
1000,3,2618,
1000,3,2616,
1000,3,2614,
1000,3,2612,
1000,3,2610,
1000,3,2608,
1000,3,2606,
1000,3,2604,
1000,3,2602,
1000,3,2600,
1000,3,2598,
1000,3,2596,
1000,3,2594,
1000,3,2592,
1000,3,2590,
1000,3,2588,
1000,3,2586,
1000,3,2584,
1000,3,2582,
1000,3,2580,
1000,3,2578,
1000,3,2576,
1000,3,2574,
1000,3,2572,
1000,3,2570,
1000,3,2568,
1000,3,2566,
1000,3,2564,
1000,3,2562,
1000,3,2560,
1000,3,2558,
1000,3,2556,
1000,3,2554,
1000,3,2552,
1000,3,2550,
1000,3,2548,
1000,3,2546,
1000,3,2544,
1000,3,2542,
1000,3,2540,
1000,3,2538,
1000,3,2536,
1000,3,2534,
1000,3,2532,
1000,3,2530,
1000,3,2528,
1000,3,2526,
1000,3,2524,
1000,3,2522,
1000,3,2520,
1000,3,2518,
1000,3,2516,
1000,3,2514,
1000,3,2512,
1000,3,2510,
1000,3,2508,
1000,3,2506,
1000,3,2504,
1000,3,2502,
1000,3,2500,
1000,3,2498,
1000,3,2496,
1000,3,2494,
1000,3,2492,
1000,3,2490,
1000,3,2488,
1000,3,2486,
1000,4,2484,
1000,3,2482,
1000,3,2480,
1000,3,2478,
1000,3,2476,
1000,3,2474,
1000,3,2472,
1000,3,2470,
1000,3,2468,
1000,3,2466,
1000,3,2464,
1000,3,2462,
1000,3,2460,
1000,3,2458,
1000,3,2456,
1000,3,2454,
1000,3,2452,
1000,3,2450,
1000,3,2448,
1000,3,2446,
1000,3,2444,
1000,3,2442,
1000,3,2440,
1000,3,2438,
1000,3,2436,
1000,3,2434,
1000,3,2432,
1000,3,2430,
1000,3,2428,
1000,3,2426,
1000,3,2424,
1000,3,2422,
1000,3,2420,
1000,3,2418,
1000,3,2416,
1000,3,2414,
1000,3,2412,
1000,3,2410,
1000,3,2408,
1000,3,2406,
1000,3,2404,
1000,3,2402,
1000,3,2400,
1000,3,2398,
1000,3,2396,
1000,3,2394,
1000,3,2392,
1000,3,2390,
1000,3,2388,
1000,3,2386,
1000,3,2384,
1000,3,2382,
1000,3,2380,
1000,3,2378,
1000,3,2376,
1000,3,2374,
1000,3,2372,
1000,3,2370,
1000,3,2368,
1000,3,2366,
1000,3,2364,
1000,3,2362,
1000,3,2360,
1000,3,2358,
1000,3,2356,
1000,3,2354,
1000,3,2352,
1000,3,2350,
1000,3,2348,
1000,3,2346,
1000,3,2344,
1000,3,2342,
1000,3,2340,
1000,3,2338,
1000,3,2336,
1000,3,2334,
1000,3,2332,
1000,3,2330,
1000,3,2328,
1000,3,2326,
1000,3,2324,
1000,3,2322,
1000,3,2320,
1000,3,2318,
1000,3,2316,
1000,3,2314,
1000,3,2312,
1000,3,2310,
1000,3,2308,
1000,3,2306,
1000,3,2304,
1000,3,2302,
1000,3,2300,
1000,3,2298,
1000,3,2296,
1000,3,2294,
1000,3,2292,
1000,3,2290,
1000,3,2288,
1000,3,2286,
1000,3,2284,
1000,3,2282,
1000,3,2280,
1000,3,2278,
1000,3,2276,
1000,3,2274,
1000,3,2272,
1000,3,2270,
1000,3,2268,
1000,3,2266,
1000,3,2264,
1000,3,2262,
1000,3,2260,
1000,3,2258,
1000,3,2256,
1000,3,2254,
1000,3,2252,
1000,3,2250,
1000,3,2248,
1000,3,2246,
1000,3,2244,
1000,3,2242,
1000,3,2240,
1000,3,2238,
1000,3,2236,
1000,3,2234,
1000,3,2232,
1000,3,2230,
1000,3,2228,
1000,3,2226,
1000,3,2224,
1000,3,2222,
1000,3,2220,
1000,3,2218,
1000,3,2216,
1000,3,2214,
1000,3,2212,
1000,3,2210,
1000,3,2208,
1000,3,2206,
1000,3,2204,
1000,3,2202,
1000,3,2200,
1000,3,2198,
1000,3,2196,
1000,3,2194,
1000,3,2192,
1000,3,2190,
1000,3,2188,
1000,3,2186,
1000,3,2184,
1000,3,2182,
1000,3,2180,
1000,3,2178,
1000,3,2176,
1000,3,2174,
1000,3,2172,
1000,3,2170,
1000,3,2168,
1000,3,2166,
1000,3,2164,
1000,3,2162,
1000,3,2160,
1000,3,2158,
1000,3,2156,
1000,3,2154,
1000,3,2152,
1000,3,2150,
1000,3,2148,
1000,3,2146,
1000,3,2144,
1000,3,2142,
1000,3,2140,
1000,3,2138,
1000,3,2136,
1000,3,2134,
1000,3,2132,
1000,3,2130,
1000,3,2128,
1000,3,2126,
1000,3,2124,
1000,3,2122,
1000,3,2120,
1000,3,2118,
1000,3,2116,
1000,3,2114,
1000,3,2112,
1000,3,2110,
1000,3,2108,
1000,3,2106,
1000,3,2104,
1000,3,2102,
1000,3,2100,
1000,3,2098,
1000,3,2096,
1000,3,2094,
1000,3,2092,
1000,3,2090,
1000,3,2088,
1000,3,2086,
1000,3,2084,
1000,3,2082,
1000,3,2080,
1000,3,2078,
1000,3,2076,
1000,3,2074,
1000,3,2072,
1000,3,2070,
1000,3,2068,
1000,3,2066,
1000,3,2064,
1000,3,2062,
1000,3,2060,
1000,3,2058,
1000,3,2056,
1000,3,2054,
1000,3,2052,
1000,3,2050,
1000,3,2048,
1000,3,2046,
1000,3,2044,
1000,3,2042,
1000,3,2040,
1000,3,2038,
1000,3,2036,
1000,3,2034,
1000,3,2032,
1000,3,2030,
1000,3,2028,
1000,3,2026,
1000,3,2024,
1000,3,2022,
1000,3,2020,
1000,3,2018,
1000,3,2016,
1000,3,2014,
1000,3,2012,
1000,3,2010,
1000,3,2008,
1000,3,2006,
1000,3,2004,
1000,3,2002,
1000,3,2000,
1000,3,1998,
1000,3,1996,
1000,3,1994,
1000,3,1992,
1000,3,1990,
1000,3,1988,
1000,3,1986,
1000,3,1984,
1000,3,1982,
1000,3,1980,
1000,3,1978,
1000,3,1976,
1000,3,1974,
1000,3,1972,
1000,3,1970,
1000,3,1968,
1000,3,1966,
1000,3,1964,
1000,3,1962,
1000,3,1960,
1000,3,1958,
1000,3,1956,
1000,3,1954,
1000,3,1952,
1000,3,1950,
1000,3,1948,
1000,4,1946,
1000,3,1944,
1000,3,1942,
1000,3,1940,
1000,3,1938,
1000,3,1936,
1000,3,1934,
1000,3,1932,
1000,3,1930,
1000,3,1928,
1000,3,1926,
1000,3,1924,
1000,3,1922,
1000,3,1920,
1000,3,1918,
1000,3,1916,
1000,3,1914,
1000,3,1912,
1000,3,1910,
1000,3,1908,
1000,3,1906,
1000,3,1904,
1000,3,1902,
1000,3,1900,
1000,3,1898,
1000,3,1896,
1000,3,1894,
1000,3,1892,
1000,3,1890,
1000,3,1888,
1000,3,1886,
1000,3,1884,
1000,3,1882,
1000,3,1880,
1000,3,1878,
1000,3,1876,
1000,3,1874,
1000,3,1872,
1000,3,1870,
1000,3,1868,
1000,3,1866,
1000,3,1864,
1000,3,1862,
1000,3,1860,
1000,3,1858,
1000,3,1856,
1000,3,1854,
1000,3,1852,
1000,3,1850,
1000,3,1848,
1000,3,1846,
1000,3,1844,
1000,3,1842,
1000,3,1840,
1000,3,1838,
1000,3,1836,
1000,3,1834,
1000,3,1832,
1000,3,1830,
1000,3,1828,
1000,3,1826,
1000,3,1824,
1000,3,1822,
1000,3,1820,
1000,3,1818,
1000,3,1816,
1000,3,1814,
1000,3,1812,
1000,3,1810,
1000,3,1808,
1000,3,1806,
1000,3,1804,
1000,3,1802,
1000,3,1800,
1000,3,1798,
1000,3,1796,
1000,3,1794,
1000,3,1792,
1000,3,1790,
1000,3,1788,
1000,3,1786,
1000,3,1784,
1000,3,1782,
1000,3,1780,
1000,3,1778,
1000,3,1776,
1000,3,1774,
1000,3,1772,
1000,3,1770,
1000,3,1768,
1000,3,1766,
1000,3,1764,
1000,3,1762,
1000,3,1760,
1000,3,1758,
1000,3,1756,
1000,3,1754,
1000,3,1752,
1000,3,1750,
1000,3,1748,
1000,3,1746,
1000,3,1744,
1000,3,1742,
1000,3,1740,
1000,3,1738,
1000,3,1736,
1000,3,1734,
1000,3,1732,
1000,3,1730,
1000,3,1728,
1000,3,1726,
1000,3,1724,
1000,3,1722,
1000,3,1720,
1000,3,1718,
1000,3,1716,
1000,3,1714,
1000,3,1712,
1000,3,1710,
1000,3,1708,
1000,3,1706,
1000,3,1704,
1000,3,1702,
1000,3,1700,
1000,3,1698,
1000,3,1696,
1000,3,1694,
1000,3,1692,
1000,3,1690,
1000,3,1688,
1000,3,1686,
1000,3,1684,
1000,3,1682,
1000,3,1680,
1000,3,1678,
1000,3,1676,
1000,3,1674,
1000,3,1672,
1000,3,1670,
1000,3,1668,
1000,3,1666,
1000,3,1664,
1000,3,1662,
1000,3,1660,
1000,3,1658,
1000,3,1656,
1000,3,1654,
1000,3,1652,
1000,3,1650,
1000,3,1648,
1000,3,1646,
1000,3,1644,
1000,3,1642,
1000,3,1640,
1000,3,1638,
1000,3,1636,
1000,3,1634,
1000,3,1632,
1000,3,1630,
1000,3,1628,
1000,3,1626,
1000,3,1624,
1000,3,1622,
1000,3,1620,
1000,3,1618,
1000,3,1616,
1000,3,1614,
1000,3,1612,
1000,3,1610,
1000,3,1608,
1000,3,1606,
1000,3,1604,
1000,3,1602,
1000,3,1600,
1000,3,1598,
1000,3,1596,
1000,3,1594,
1000,3,1592,
1000,3,1590,
1000,3,1588,
1000,3,1586,
1000,3,1584,
1000,3,1582,
1000,3,1580,
1000,3,1578,
1000,3,1576,
1000,3,1574,
1000,3,1572,
1000,3,1570,
1000,3,1568,
1000,3,1566,
1000,3,1564,
1000,3,1562,
1000,3,1560,
1000,3,1558,
1000,3,1556,
1000,3,1554,
1000,3,1552,
1000,3,1550,
1000,3,1548,
1000,3,1546,
1000,3,1544,
1000,3,1542,
1000,3,1540,
1000,3,1538,
1000,3,1536,
1000,3,1534,
1000,3,1532,
1000,3,1530,
1000,3,1528,
1000,3,1526,
1000,3,1524,
1000,3,1522,
1000,3,1520,
1000,3,1518,
1000,3,1516,
1000,3,1514,
1000,3,1512,
1000,3,1510,
1000,3,1508,
1000,3,1506,
1000,3,1504,
1000,3,1502,
1000,3,1500,
1000,3,1498,
1000,3,1496,
1000,3,1494,
1000,3,1492,
1000,3,1490,
1000,3,1488,
1000,3,1486,
1000,3,1484,
1000,3,1482,
1000,3,1480,
1000,3,1478,
1000,3,1476,
1000,3,1474,
1000,3,1472,
1000,3,1470,
1000,3,1468,
1000,3,1466,
1000,3,1464,
1000,3,1462,
1000,3,1460,
1000,3,1458,
1000,3,1456,
1000,3,1454,
1000,3,1452,
1000,3,1450,
1000,3,1448,
1000,3,1446,
1000,3,1444,
1000,3,1442,
1000,3,1440,
1000,3,1438,
1000,3,1436,
1000,3,1434,
1000,3,1432,
1000,3,1430,
1000,3,1428,
1000,4,1426,
1000,3,1424,
1000,3,1422,
1000,3,1420,
1000,3,1418,
1000,3,1416,
1000,3,1414,
1000,3,1412,
1000,3,1410,
1000,3,1408,
1000,3,1406,
1000,3,1404,
1000,3,1402,
1000,3,1400,
1000,3,1398,
1000,3,1396,
1000,3,1394,
1000,3,1392,
1000,3,1390,
1000,3,1388,
1000,3,1386,
1000,3,1384,
1000,3,1382,
1000,3,1380,
1000,3,1378,
1000,3,1376,
1000,3,1374,
1000,3,1372,
1000,3,1370,
1000,3,1368,
1000,3,1366,
1000,3,1364,
1000,3,1362,
1000,3,1360,
1000,3,1358,
1000,3,1356,
1000,3,1354,
1000,3,1352,
1000,3,1350,
1000,3,1348,
1000,3,1346,
1000,3,1344,
1000,3,1342,
1000,3,1340,
1000,3,1338,
1000,3,1336,
1000,3,1334,
1000,3,1332,
1000,3,1330,
1000,3,1328,
1000,3,1326,
1000,3,1324,
1000,3,1322,
1000,3,1320,
1000,3,1318,
1000,3,1316,
1000,3,1314,
1000,3,1312,
1000,3,1310,
1000,3,1308,
1000,3,1306,
1000,3,1304,
1000,3,1302,
1000,3,1300,
1000,3,1298,
1000,3,1296,
1000,3,1294,
1000,3,1292,
1000,3,1290,
1000,3,1288,
1000,3,1286,
1000,3,1284,
1000,3,1282,
1000,3,1280,
1000,3,1278,
1000,3,1276,
1000,3,1274,
1000,3,1272,
1000,3,1270,
1000,3,1268,
1000,3,1266,
1000,3,1264,
1000,3,1262,
1000,3,1260,
1000,3,1258,
1000,3,1256,
1000,3,1254,
1000,3,1252,
1000,3,1250,
1000,3,1248,
1000,3,1246,
1000,3,1244,
1000,3,1242,
1000,3,1240,
1000,3,1238,
1000,3,1236,
1000,3,1234,
1000,3,1232,
1000,3,1230,
1000,3,1228,
1000,3,1226,
1000,3,1224,
1000,3,1222,
1000,3,1220,
1000,3,1218,
1000,3,1216,
1000,3,1214,
1000,3,1212,
1000,3,1210,
1000,3,1208,
1000,3,1206,
1000,3,1204,
1000,2,1202,
1000,3,1200,
1000,3,1198,
1000,3,1196,
1000,3,1194,
1000,3,1192,
1000,3,1190,
1000,3,1188,
1000,3,1186,
1000,3,1184,
1000,3,1182,
1000,3,1180,
1000,3,1178,
1000,3,1176,
1000,3,1174,
1000,3,1172,
1000,3,1170,
1000,3,1168,
1000,3,1166,
1000,3,1164,
1000,3,1162,
1000,3,1160,
1000,3,1158,
1000,3,1156,
1000,3,1154,
1000,3,1152,
1000,3,1150,
1000,3,1148,
1000,3,1146,
1000,3,1144,
1000,3,1142,
1000,3,1140,
1000,3,1138,
1000,3,1136,
1000,3,1134,
1000,3,1132,
1000,3,1130,
1000,3,1128,
1000,3,1126,
1000,3,1124,
1000,3,1122,
1000,3,1120,
1000,3,1118,
1000,3,1116,
1000,3,1114,
1000,3,1112,
1000,3,1110,
1000,3,1108,
1000,3,1106,
1000,3,1104,
1000,3,1102,
1000,3,1100,
1000,3,1098,
1000,3,1096,
1000,3,1094,
1000,3,1092,
1000,3,1090,
1000,3,1088,
1000,3,1086,
1000,3,1084,
1000,3,1082,
1000,3,1080,
1000,3,1078,
1000,3,1076,
1000,3,1074,
1000,3,1072,
1000,3,1070,
1000,3,1068,
1000,3,1066,
1000,3,1064,
1000,3,1062,
1000,3,1060,
1000,3,1058,
1000,3,1056,
1000,3,1054,
1000,3,1052,
1000,3,1050,
1000,3,1048,
1000,3,1046,
1000,3,1044,
1000,3,1042,
1000,3,1040,
1000,3,1038,
1000,3,1036,
1000,3,1034,
1000,3,1032,
1000,3,1030,
1000,3,1028,
1000,3,1026,
1000,3,1024,
1000,3,1022,
1000,3,1020,
1000,3,1018,
1000,3,1016,
1000,3,1014,
1000,3,1012,
1000,3,1010,
1000,3,1008,
1000,3,1006,
1000,3,1004,
1000,3,1002,
1000,3,1000,
1000,3,998,
1000,3,996,
1000,3,994,
1000,3,992,
1000,3,990,
1000,3,988,
1000,3,986,
1000,3,984,
1000,3,982,
1000,3,980,
1000,3,978,
1000,3,976,
1000,3,974,
1000,3,972,
1000,3,970,
1000,3,968,
1000,3,966,
1000,3,964,
1000,3,962,
1000,3,960,
1000,3,958,
1000,3,956,
1000,3,954,
1000,3,952,
1000,3,950,
1000,3,948,
1000,3,946,
1000,4,944,
1000,3,942,
1000,3,940,
1000,3,938,
1000,3,936,
1000,3,934,
1000,3,932,
1000,3,930,
1000,3,928,
1000,3,926,
1000,3,924,
1000,3,922,
1000,3,920,
1000,3,918,
1000,3,916,
1000,3,914,
1000,3,912,
1000,3,910,
1000,3,908,
1000,3,906,
1000,3,904,
1000,3,902,
1000,3,900,
1000,3,898,
1000,3,896,
1000,3,894,
1000,3,892,
1000,3,890,
1000,3,888,
1000,3,886,
1000,3,884,
1000,3,882,
1000,3,880,
1000,3,878,
1000,3,876,
1000,3,874,
1000,3,872,
1000,3,870,
1000,3,868,
1000,3,866,
1000,3,864,
1000,3,862,
1000,3,860,
1000,3,858,
1000,3,856,
1000,3,854,
1000,3,852,
1000,3,850,
1000,3,848,
1000,3,846,
1000,3,844,
1000,3,842,
1000,3,840,
1000,3,838,
1000,3,836,
1000,3,834,
1000,3,832,
1000,3,830,
1000,3,828,
1000,3,826,
1000,3,824,
1000,3,822,
1000,3,820,
1000,3,818,
1000,3,816,
1000,3,814,
1000,3,812,
1000,3,810,
1000,3,808,
1000,3,806,
1000,3,804,
1000,3,802,
1000,3,800,
1000,3,798,
1000,3,796,
1000,3,794,
1000,3,792,
1000,3,790,
1000,3,788,
1000,3,786,
1000,3,784,
1000,3,782,
1000,3,780,
1000,3,778,
1000,3,776,
1000,3,774,
1000,3,772,
1000,3,770,
1000,3,768,
1000,3,766,
1000,3,764,
1000,3,762,
1000,3,760,
1000,3,758,
1000,3,756,
1000,3,754,
1000,3,752,
1000,3,750,
1000,3,748,
1000,3,746,
1000,3,744,
1000,3,742,
1000,3,740,
1000,3,738,
1000,3,736,
1000,3,734,
1000,3,732,
1000,3,730,
1000,3,728,
1000,3,726,
1000,3,724,
1000,3,722,
1000,3,720,
1000,3,718,
1000,3,716,
1000,3,714,
1000,3,712,
1000,3,710,
1000,3,708,
1000,3,706,
1000,3,704,
1000,3,702,
1000,3,700,
1000,3,698,
1000,3,696,
1000,3,694,
1000,3,692,
1000,3,690,
1000,3,688,
1000,3,686,
1000,3,684,
1000,3,682,
1000,3,680,
1000,3,678,
1000,3,676,
1000,3,674,
1000,3,672,
1000,3,670,
1000,3,668,
1000,3,666,
1000,3,664,
1000,3,662,
1000,3,660,
1000,3,658,
1000,3,656,
1000,3,654,
1000,3,652,
1000,3,650,
1000,3,648,
1000,3,646,
1000,3,644,
1000,3,642,
1000,3,640,
1000,3,638,
1000,3,636,
1000,3,634,
1000,3,632,
1000,3,630,
1000,3,628,
1000,3,626,
1000,3,624,
1000,3,622,
1000,3,620,
1000,3,618,
1000,3,616,
1000,3,614,
1000,3,612,
1000,3,610,
1000,3,608,
1000,3,606,
1000,3,604,
1000,3,602,
1000,3,600,
1000,3,598,
1000,3,596,
1000,3,594,
1000,3,592,
1000,3,590,
1000,3,588,
1000,3,586,
1000,3,584,
1000,3,582,
1000,3,580,
1000,3,578,
1000,3,576,
1000,3,574,
1000,3,572,
1000,3,570,
1000,3,568,
1000,3,566,
1000,3,564,
1000,3,562,
1000,3,560,
1000,3,558,
1000,3,556,
1000,3,554,
1000,3,552,
1000,3,550,
1000,3,548,
1000,3,546,
1000,3,544,
1000,3,542,
1000,3,540,
1000,3,538,
1000,3,536,
1000,3,534,
1000,3,532,
1000,3,530,
1000,3,528,
1000,3,526,
1000,3,524,
1000,3,522,
1000,3,520,
1000,3,518,
1000,3,516,
1000,3,514,
1000,3,512,
1000,3,510,
1000,3,508,
1000,3,506,
1000,3,504,
1000,3,502,
1000,3,500,
1000,3,498,
1000,3,496,
1000,3,494,
1000,3,492,
1000,3,490,
1000,3,488,
1000,3,486,
1000,3,484,
1000,3,482,
1000,3,480,
1000,3,478,
1000,3,476,
1000,3,474,
1000,3,472,
1000,3,470,
1000,3,468,
1000,3,466,
1000,3,464,
1000,3,462,
1000,3,460,
1000,3,458,
1000,3,456,
1000,3,454,
1000,3,452,
1000,3,450,
1000,3,448,
1000,3,446,
1000,3,444,
1000,3,442,
1000,3,440,
1000,3,438,
1000,3,436,
1000,3,434,
1000,3,432,
1000,3,430,
1000,3,428,
1000,3,426,
1000,3,424,
1000,3,422,
1000,3,420,
1000,3,418,
1000,3,416,
1000,3,414,
1000,3,412,
1000,3,410,
1000,3,408,
1000,3,406,
1000,3,404,
1000,3,402,
1000,3,400,
1000,3,398,
1000,3,396,
1000,3,394,
1000,3,392,
1000,3,390,
1000,3,388,
1000,3,386,
1000,3,384,
1000,3,382,
1000,3,380,
1000,3,378,
1000,3,376,
1000,3,374,
1000,3,372,
1000,3,370,
1000,3,368,
1000,3,366,
1000,3,364,
1000,3,362,
1000,3,360,
1000,3,358,
1000,3,356,
1000,3,354,
1000,3,352,
1000,3,350,
1000,3,348,
1000,3,346,
1000,3,344,
1000,3,342,
1000,3,340,
1000,3,338,
1000,3,336,
1000,3,334,
1000,3,332,
1000,3,330,
1000,3,328,
1000,3,326,
1000,3,324,
1000,3,322,
1000,3,320,
1000,3,318,
1000,3,316,
1000,3,314,
1000,3,312,
1000,3,310,
1000,3,308,
1000,3,306,
1000,3,304,
1000,3,302,
1000,3,300,
1000,3,298,
1000,3,296,
1000,3,294,
1000,3,292,
1000,3,290,
1000,3,288,
1000,3,286,
1000,3,284,
1000,3,282,
1000,3,280,
1000,3,278,
1000,3,276,
1000,3,274,
1000,3,272,
1000,3,270,
1000,3,268,
1000,3,266,
1000,3,264,
1000,3,262,
1000,3,260,
1000,3,258,
1000,3,256,
1000,3,254,
1000,3,252,
1000,3,250,
1000,3,248,
1000,3,246,
1000,3,244,
1000,3,242,
1000,3,240,
1000,3,238,
1000,3,236,
1000,3,234,
1000,3,232,
1000,3,230,
1000,4,228,
1000,3,226,
1000,3,224,
1000,3,222,
1000,3,220,
1000,3,218,
1000,3,216,
1000,3,214,
1000,3,212,
1000,3,210,
1000,3,208,
1000,3,206,
1000,3,204,
1000,3,202,
1000,3,200,
1000,3,198,
1000,3,196,
1000,3,194,
1000,3,192,
1000,3,190,
1000,3,188,
1000,3,186,
1000,3,184,
1000,3,182,
1000,3,180,
1000,3,178,
1000,3,176,
1000,3,174,
1000,3,172,
1000,3,170,
1000,3,168,
1000,3,166,
1000,3,164,
1000,3,162,
1000,3,160,
1000,3,158,
1000,3,156,
1000,3,154,
1000,3,152,
1000,3,150,
1000,3,148,
1000,3,146,
1000,3,144,
1000,3,142,
1000,3,140,
1000,3,138,
1000,4,136,
1000,3,134,
1000,3,132,
1000,3,130,
1000,3,128,
1000,3,126,
1000,3,124,
1000,3,122,
1000,3,120,
1000,3,118,
1000,3,116,
1000,3,114,
1000,3,112,
1000,3,110,
1000,3,108,
1000,3,106,
1000,3,104,
1000,3,102,
1000,3,100,
1000,3,98,
1000,3,96,
1000,3,94,
1000,3,92,
1000,3,90,
1000,3,88,
1000,3,86,
1000,3,84,
1000,3,82,
1000,3,80,
1000,3,78,
1000,3,76,
1000,3,74,
1000,3,72,
1000,3,70,
1000,3,68,
1000,3,66,
1000,3,64,
1000,3,62,
1000,3,60,
1000,3,58,
1000,3,56,
1000,3,54,
1000,3,52,
1000,3,50,
1000,3,48,
1000,3,46,
1000,3,44,
1000,3,42,
1000,3,40,
1000,3,38,
1000,3,36,
1000,3,34,
1000,3,32,
1000,3,30,
1000,3,28,
1000,3,26,
1000,3,24,
1000,3,22,
1000,3,20,
1000,3,18,
1000,3,16,
1000,3,14,
1000,3,12,
1000,3,10,
1000,3,8,
1000,3,6,
1000,3,4,
1000,3,2,
10000,3,4000,
10000,3,3998,
10000,3,3996,
10000,3,3994,
10000,3,3992,
10000,3,3990,
10000,3,3988,
10000,3,3986,
10000,4,3984,
10000,3,3982,
10000,4,3980,
10000,3,3978,
10000,3,3976,
10000,4,3974,
10000,3,3972,
10000,3,3970,
10000,3,3968,
10000,3,3966,
10000,3,3964,
10000,3,3962,
10000,3,3960,
10000,3,3958,
10000,3,3956,
10000,3,3954,
10000,3,3952,
10000,3,3950,
10000,3,3948,
10000,3,3946,
10000,3,3944,
10000,4,3942,
10000,3,3940,
10000,3,3938,
10000,3,3936,
10000,3,3934,
10000,3,3932,
10000,3,3930,
10000,3,3928,
10000,3,3926,
10000,3,3924,
10000,3,3922,
10000,3,3920,
10000,3,3918,
10000,3,3916,
10000,3,3914,
10000,3,3912,
10000,3,3910,
10000,3,3908,
10000,3,3906,
10000,3,3904,
10000,3,3902,
10000,3,3900,
10000,3,3898,
10000,3,3896,
10000,3,3894,
10000,3,3892,
10000,3,3890,
10000,3,3888,
10000,3,3886,
10000,4,3884,
10000,3,3882,
10000,3,3880,
10000,3,3878,
10000,3,3876,
10000,3,3874,
10000,3,3872,
10000,3,3870,
10000,3,3868,
10000,3,3866,
10000,4,3864,
10000,3,3862,
10000,4,3860,
10000,3,3858,
10000,3,3856,
10000,3,3854,
10000,3,3852,
10000,3,3850,
10000,3,3848,
10000,3,3846,
10000,3,3844,
10000,3,3842,
10000,4,3840,
10000,3,3838,
10000,3,3836,
10000,3,3834,
10000,3,3832,
10000,3,3830,
10000,3,3828,
10000,3,3826,
10000,3,3824,
10000,3,3822,
10000,3,3820,
10000,3,3818,
10000,3,3816,
10000,3,3814,
10000,3,3812,
10000,3,3810,
10000,3,3808,
10000,3,3806,
10000,3,3804,
10000,4,3802,
10000,3,3800,
10000,3,3798,
10000,4,3796,
10000,3,3794,
10000,3,3792,
10000,3,3790,
10000,3,3788,
10000,3,3786,
10000,3,3784,
10000,3,3782,
10000,3,3780,
10000,3,3778,
10000,3,3776,
10000,3,3774,
10000,3,3772,
10000,3,3770,
10000,3,3768,
10000,3,3766,
10000,3,3764,
10000,3,3762,
10000,3,3760,
10000,3,3758,
10000,4,3756,
10000,3,3754,
10000,3,3752,
10000,3,3750,
10000,3,3748,
10000,3,3746,
10000,3,3744,
10000,3,3742,
10000,3,3740,
10000,3,3738,
10000,3,3736,
10000,3,3734,
10000,3,3732,
10000,3,3730,
10000,3,3728,
10000,4,3726,
10000,3,3724,
10000,3,3722,
10000,3,3720,
10000,3,3718,
10000,3,3716,
10000,3,3714,
10000,4,3712,
10000,3,3710,
10000,3,3708,
10000,3,3706,
10000,3,3704,
10000,3,3702,
10000,3,3700,
10000,3,3698,
10000,3,3696,
10000,3,3694,
10000,3,3692,
10000,3,3690,
10000,3,3688,
10000,3,3686,
10000,3,3684,
10000,3,3682,
10000,3,3680,
10000,3,3678,
10000,3,3676,
10000,3,3674,
10000,3,3672,
10000,4,3670,
10000,3,3668,
10000,3,3666,
10000,3,3664,
10000,3,3662,
10000,3,3660,
10000,3,3658,
10000,3,3656,
10000,3,3654,
10000,3,3652,
10000,3,3650,
10000,3,3648,
10000,3,3646,
10000,3,3644,
10000,3,3642,
10000,3,3640,
10000,3,3638,
10000,3,3636,
10000,3,3634,
10000,3,3632,
10000,3,3630,
10000,3,3628,
10000,3,3626,
10000,3,3624,
10000,3,3622,
10000,3,3620,
10000,3,3618,
10000,3,3616,
10000,3,3614,
10000,3,3612,
10000,3,3610,
10000,3,3608,
10000,3,3606,
10000,3,3604,
10000,3,3602,
10000,4,3600,
10000,4,3598,
10000,3,3596,
10000,3,3594,
10000,3,3592,
10000,3,3590,
10000,3,3588,
10000,3,3586,
10000,3,3584,
10000,4,3582,
10000,4,3580,
10000,3,3578,
10000,3,3576,
10000,3,3574,
10000,3,3572,
10000,3,3570,
10000,3,3568,
10000,3,3566,
10000,3,3564,
10000,4,3562,
10000,3,3560,
10000,3,3558,
10000,3,3556,
10000,3,3554,
10000,3,3552,
10000,3,3550,
10000,3,3548,
10000,3,3546,
10000,3,3544,
10000,3,3542,
10000,3,3540,
10000,3,3538,
10000,3,3536,
10000,3,3534,
10000,3,3532,
10000,3,3530,
10000,3,3528,
10000,3,3526,
10000,3,3524,
10000,3,3522,
10000,3,3520,
10000,3,3518,
10000,3,3516,
10000,3,3514,
10000,3,3512,
10000,3,3510,
10000,3,3508,
10000,3,3506,
10000,3,3504,
10000,3,3502,
10000,3,3500,
10000,3,3498,
10000,3,3496,
10000,3,3494,
10000,3,3492,
10000,3,3490,
10000,3,3488,
10000,3,3486,
10000,3,3484,
10000,3,3482,
10000,4,3480,
10000,3,3478,
10000,3,3476,
10000,3,3474,
10000,4,3472,
10000,3,3470,
10000,3,3468,
10000,3,3466,
10000,3,3464,
10000,3,3462,
10000,3,3460,
10000,3,3458,
10000,3,3456,
10000,3,3454,
10000,3,3452,
10000,3,3450,
10000,3,3448,
10000,3,3446,
10000,3,3444,
10000,3,3442,
10000,3,3440,
10000,3,3438,
10000,3,3436,
10000,3,3434,
10000,3,3432,
10000,3,3430,
10000,3,3428,
10000,3,3426,
10000,3,3424,
10000,3,3422,
10000,3,3420,
10000,3,3418,
10000,4,3416,
10000,3,3414,
10000,3,3412,
10000,3,3410,
10000,3,3408,
10000,3,3406,
10000,3,3404,
10000,3,3402,
10000,3,3400,
10000,3,3398,
10000,3,3396,
10000,3,3394,
10000,3,3392,
10000,3,3390,
10000,3,3388,
10000,3,3386,
10000,3,3384,
10000,3,3382,
10000,3,3380,
10000,3,3378,
10000,3,3376,
10000,3,3374,
10000,3,3372,
10000,3,3370,
10000,3,3368,
10000,3,3366,
10000,3,3364,
10000,3,3362,
10000,3,3360,
10000,3,3358,
10000,3,3356,
10000,3,3354,
10000,3,3352,
10000,3,3350,
10000,3,3348,
10000,4,3346,
10000,3,3344,
10000,3,3342,
10000,3,3340,
10000,3,3338,
10000,3,3336,
10000,3,3334,
10000,3,3332,
10000,3,3330,
10000,3,3328,
10000,3,3326,
10000,3,3324,
10000,3,3322,
10000,4,3320,
10000,3,3318,
10000,3,3316,
10000,3,3314,
10000,3,3312,
10000,3,3310,
10000,3,3308,
10000,4,3306,
10000,3,3304,
10000,3,3302,
10000,3,3300,
10000,3,3298,
10000,3,3296,
10000,3,3294,
10000,3,3292,
10000,3,3290,
10000,3,3288,
10000,3,3286,
10000,3,3284,
10000,3,3282,
10000,3,3280,
10000,3,3278,
10000,3,3276,
10000,3,3274,
10000,3,3272,
10000,3,3270,
10000,3,3268,
10000,3,3266,
10000,3,3264,
10000,3,3262,
10000,3,3260,
10000,3,3258,
10000,3,3256,
10000,3,3254,
10000,3,3252,
10000,3,3250,
10000,3,3248,
10000,3,3246,
10000,3,3244,
10000,3,3242,
10000,3,3240,
10000,4,3238,
10000,3,3236,
10000,3,3234,
10000,4,3232,
10000,3,3230,
10000,3,3228,
10000,3,3226,
10000,3,3224,
10000,3,3222,
10000,3,3220,
10000,3,3218,
10000,3,3216,
10000,4,3214,
10000,3,3212,
10000,3,3210,
10000,3,3208,
10000,3,3206,
10000,3,3204,
10000,3,3202,
10000,3,3200,
10000,3,3198,
10000,3,3196,
10000,3,3194,
10000,3,3192,
10000,3,3190,
10000,4,3188,
10000,3,3186,
10000,3,3184,
10000,3,3182,
10000,4,3180,
10000,3,3178,
10000,3,3176,
10000,3,3174,
10000,3,3172,
10000,3,3170,
10000,3,3168,
10000,3,3166,
10000,3,3164,
10000,3,3162,
10000,3,3160,
10000,3,3158,
10000,3,3156,
10000,3,3154,
10000,3,3152,
10000,3,3150,
10000,3,3148,
10000,3,3146,
10000,3,3144,
10000,3,3142,
10000,3,3140,
10000,3,3138,
10000,3,3136,
10000,3,3134,
10000,3,3132,
10000,3,3130,
10000,3,3128,
10000,3,3126,
10000,3,3124,
10000,3,3122,
10000,3,3120,
10000,3,3118,
10000,3,3116,
10000,3,3114,
10000,3,3112,
10000,3,3110,
10000,3,3108,
10000,3,3106,
10000,3,3104,
10000,3,3102,
10000,3,3100,
10000,3,3098,
10000,3,3096,
10000,3,3094,
10000,3,3092,
10000,3,3090,
10000,3,3088,
10000,3,3086,
10000,3,3084,
10000,3,3082,
10000,3,3080,
10000,3,3078,
10000,3,3076,
10000,3,3074,
10000,3,3072,
10000,3,3070,
10000,3,3068,
10000,3,3066,
10000,3,3064,
10000,3,3062,
10000,3,3060,
10000,3,3058,
10000,3,3056,
10000,3,3054,
10000,3,3052,
10000,3,3050,
10000,3,3048,
10000,3,3046,
10000,3,3044,
10000,3,3042,
10000,3,3040,
10000,3,3038,
10000,3,3036,
10000,3,3034,
10000,3,3032,
10000,3,3030,
10000,3,3028,
10000,3,3026,
10000,3,3024,
10000,3,3022,
10000,3,3020,
10000,3,3018,
10000,3,3016,
10000,4,3014,
10000,3,3012,
10000,3,3010,
10000,3,3008,
10000,3,3006,
10000,3,3004,
10000,3,3002,
10000,3,3000,
10000,3,2998,
10000,3,2996,
10000,3,2994,
10000,3,2992,
10000,3,2990,
10000,3,2988,
10000,3,2986,
10000,3,2984,
10000,3,2982,
10000,3,2980,
10000,3,2978,
10000,3,2976,
10000,3,2974,
10000,4,2972,
10000,3,2970,
10000,3,2968,
10000,3,2966,
10000,3,2964,
10000,3,2962,
10000,3,2960,
10000,3,2958,
10000,3,2956,
10000,3,2954,
10000,3,2952,
10000,4,2950,
10000,3,2948,
10000,3,2946,
10000,3,2944,
10000,3,2942,
10000,3,2940,
10000,3,2938,
10000,3,2936,
10000,3,2934,
10000,3,2932,
10000,3,2930,
10000,3,2928,
10000,3,2926,
10000,3,2924,
10000,3,2922,
10000,3,2920,
10000,3,2918,
10000,3,2916,
10000,3,2914,
10000,3,2912,
10000,3,2910,
10000,3,2908,
10000,3,2906,
10000,3,2904,
10000,3,2902,
10000,3,2900,
10000,3,2898,
10000,3,2896,
10000,3,2894,
10000,3,2892,
10000,3,2890,
10000,3,2888,
10000,4,2886,
10000,3,2884,
10000,4,2882,
10000,3,2880,
10000,3,2878,
10000,4,2876,
10000,3,2874,
10000,3,2872,
10000,3,2870,
10000,3,2868,
10000,3,2866,
10000,3,2864,
10000,3,2862,
10000,3,2860,
10000,3,2858,
10000,3,2856,
10000,3,2854,
10000,3,2852,
10000,3,2850,
10000,3,2848,
10000,3,2846,
10000,3,2844,
10000,3,2842,
10000,3,2840,
10000,3,2838,
10000,3,2836,
10000,3,2834,
10000,3,2832,
10000,3,2830,
10000,3,2828,
10000,3,2826,
10000,3,2824,
10000,3,2822,
10000,3,2820,
10000,3,2818,
10000,3,2816,
10000,3,2814,
10000,3,2812,
10000,3,2810,
10000,3,2808,
10000,3,2806,
10000,3,2804,
10000,3,2802,
10000,3,2800,
10000,3,2798,
10000,3,2796,
10000,3,2794,
10000,3,2792,
10000,3,2790,
10000,3,2788,
10000,3,2786,
10000,3,2784,
10000,3,2782,
10000,3,2780,
10000,3,2778,
10000,3,2776,
10000,3,2774,
10000,3,2772,
10000,3,2770,
10000,3,2768,
10000,3,2766,
10000,3,2764,
10000,4,2762,
10000,3,2760,
10000,3,2758,
10000,3,2756,
10000,3,2754,
10000,3,2752,
10000,3,2750,
10000,3,2748,
10000,3,2746,
10000,3,2744,
10000,3,2742,
10000,3,2740,
10000,3,2738,
10000,3,2736,
10000,3,2734,
10000,3,2732,
10000,3,2730,
10000,3,2728,
10000,3,2726,
10000,3,2724,
10000,3,2722,
10000,3,2720,
10000,3,2718,
10000,3,2716,
10000,3,2714,
10000,3,2712,
10000,3,2710,
10000,3,2708,
10000,3,2706,
10000,3,2704,
10000,3,2702,
10000,3,2700,
10000,3,2698,
10000,3,2696,
10000,3,2694,
10000,3,2692,
10000,3,2690,
10000,3,2688,
10000,3,2686,
10000,3,2684,
10000,3,2682,
10000,3,2680,
10000,3,2678,
10000,3,2676,
10000,3,2674,
10000,3,2672,
10000,3,2670,
10000,3,2668,
10000,3,2666,
10000,3,2664,
10000,3,2662,
10000,3,2660,
10000,3,2658,
10000,3,2656,
10000,3,2654,
10000,3,2652,
10000,4,2650,
10000,3,2648,
10000,3,2646,
10000,3,2644,
10000,3,2642,
10000,3,2640,
10000,3,2638,
10000,3,2636,
10000,3,2634,
10000,3,2632,
10000,4,2630,
10000,4,2628,
10000,3,2626,
10000,3,2624,
10000,3,2622,
10000,3,2620,
10000,3,2618,
10000,3,2616,
10000,3,2614,
10000,3,2612,
10000,3,2610,
10000,3,2608,
10000,3,2606,
10000,3,2604,
10000,3,2602,
10000,4,2600,
10000,3,2598,
10000,3,2596,
10000,3,2594,
10000,3,2592,
10000,3,2590,
10000,3,2588,
10000,3,2586,
10000,3,2584,
10000,3,2582,
10000,3,2580,
10000,3,2578,
10000,3,2576,
10000,4,2574,
10000,3,2572,
10000,3,2570,
10000,3,2568,
10000,3,2566,
10000,3,2564,
10000,3,2562,
10000,3,2560,
10000,3,2558,
10000,3,2556,
10000,3,2554,
10000,3,2552,
10000,3,2550,
10000,3,2548,
10000,3,2546,
10000,4,2544,
10000,3,2542,
10000,3,2540,
10000,3,2538,
10000,3,2536,
10000,3,2534,
10000,4,2532,
10000,3,2530,
10000,3,2528,
10000,3,2526,
10000,3,2524,
10000,3,2522,
10000,3,2520,
10000,3,2518,
10000,4,2516,
10000,3,2514,
10000,3,2512,
10000,3,2510,
10000,3,2508,
10000,3,2506,
10000,3,2504,
10000,3,2502,
10000,3,2500,
10000,3,2498,
10000,3,2496,
10000,3,2494,
10000,3,2492,
10000,3,2490,
10000,3,2488,
10000,4,2486,
10000,3,2484,
10000,3,2482,
10000,3,2480,
10000,3,2478,
10000,3,2476,
10000,3,2474,
10000,3,2472,
10000,3,2470,
10000,3,2468,
10000,3,2466,
10000,3,2464,
10000,3,2462,
10000,3,2460,
10000,3,2458,
10000,3,2456,
10000,3,2454,
10000,3,2452,
10000,3,2450,
10000,3,2448,
10000,3,2446,
10000,3,2444,
10000,3,2442,
10000,3,2440,
10000,3,2438,
10000,3,2436,
10000,3,2434,
10000,3,2432,
10000,3,2430,
10000,3,2428,
10000,3,2426,
10000,3,2424,
10000,4,2422,
10000,3,2420,
10000,3,2418,
10000,3,2416,
10000,3,2414,
10000,3,2412,
10000,3,2410,
10000,3,2408,
10000,3,2406,
10000,3,2404,
10000,3,2402,
10000,3,2400,
10000,3,2398,
10000,3,2396,
10000,3,2394,
10000,3,2392,
10000,4,2390,
10000,3,2388,
10000,3,2386,
10000,3,2384,
10000,4,2382,
10000,3,2380,
10000,3,2378,
10000,3,2376,
10000,3,2374,
10000,3,2372,
10000,3,2370,
10000,3,2368,
10000,3,2366,
10000,3,2364,
10000,3,2362,
10000,3,2360,
10000,3,2358,
10000,4,2356,
10000,3,2354,
10000,3,2352,
10000,3,2350,
10000,3,2348,
10000,3,2346,
10000,3,2344,
10000,3,2342,
10000,3,2340,
10000,3,2338,
10000,4,2336,
10000,3,2334,
10000,3,2332,
10000,3,2330,
10000,3,2328,
10000,3,2326,
10000,3,2324,
10000,3,2322,
10000,3,2320,
10000,3,2318,
10000,3,2316,
10000,3,2314,
10000,3,2312,
10000,3,2310,
10000,3,2308,
10000,3,2306,
10000,3,2304,
10000,3,2302,
10000,3,2300,
10000,3,2298,
10000,3,2296,
10000,3,2294,
10000,3,2292,
10000,3,2290,
10000,3,2288,
10000,3,2286,
10000,3,2284,
10000,3,2282,
10000,3,2280,
10000,3,2278,
10000,3,2276,
10000,3,2274,
10000,3,2272,
10000,3,2270,
10000,3,2268,
10000,3,2266,
10000,3,2264,
10000,3,2262,
10000,3,2260,
10000,3,2258,
10000,3,2256,
10000,3,2254,
10000,4,2252,
10000,3,2250,
10000,3,2248,
10000,3,2246,
10000,3,2244,
10000,3,2242,
10000,3,2240,
10000,3,2238,
10000,3,2236,
10000,3,2234,
10000,3,2232,
10000,3,2230,
10000,3,2228,
10000,3,2226,
10000,3,2224,
10000,3,2222,
10000,3,2220,
10000,3,2218,
10000,3,2216,
10000,3,2214,
10000,3,2212,
10000,3,2210,
10000,3,2208,
10000,4,2206,
10000,3,2204,
10000,3,2202,
10000,3,2200,
10000,3,2198,
10000,3,2196,
10000,3,2194,
10000,3,2192,
10000,4,2190,
10000,3,2188,
10000,3,2186,
10000,3,2184,
10000,3,2182,
10000,3,2180,
10000,3,2178,
10000,3,2176,
10000,3,2174,
10000,3,2172,
10000,3,2170,
10000,3,2168,
10000,3,2166,
10000,3,2164,
10000,3,2162,
10000,3,2160,
10000,3,2158,
10000,3,2156,
10000,3,2154,
10000,3,2152,
10000,3,2150,
10000,3,2148,
10000,3,2146,
10000,3,2144,
10000,3,2142,
10000,3,2140,
10000,3,2138,
10000,3,2136,
10000,3,2134,
10000,3,2132,
10000,4,2130,
10000,3,2128,
10000,3,2126,
10000,3,2124,
10000,3,2122,
10000,3,2120,
10000,3,2118,
10000,3,2116,
10000,3,2114,
10000,3,2112,
10000,3,2110,
10000,3,2108,
10000,3,2106,
10000,3,2104,
10000,3,2102,
10000,3,2100,
10000,3,2098,
10000,3,2096,
10000,3,2094,
10000,3,2092,
10000,3,2090,
10000,3,2088,
10000,3,2086,
10000,3,2084,
10000,3,2082,
10000,3,2080,
10000,3,2078,
10000,3,2076,
10000,3,2074,
10000,3,2072,
10000,3,2070,
10000,3,2068,
10000,3,2066,
10000,3,2064,
10000,3,2062,
10000,3,2060,
10000,3,2058,
10000,3,2056,
10000,3,2054,
10000,3,2052,
10000,3,2050,
10000,3,2048,
10000,3,2046,
10000,3,2044,
10000,3,2042,
10000,3,2040,
10000,3,2038,
10000,3,2036,
10000,3,2034,
10000,3,2032,
10000,3,2030,
10000,3,2028,
10000,3,2026,
10000,4,2024,
10000,3,2022,
10000,3,2020,
10000,3,2018,
10000,3,2016,
10000,3,2014,
10000,3,2012,
10000,3,2010,
10000,4,2008,
10000,3,2006,
10000,3,2004,
10000,3,2002,
10000,3,2000,
10000,3,1998,
10000,3,1996,
10000,3,1994,
10000,3,1992,
10000,3,1990,
10000,3,1988,
10000,3,1986,
10000,3,1984,
10000,3,1982,
10000,3,1980,
10000,3,1978,
10000,4,1976,
10000,3,1974,
10000,4,1972,
10000,3,1970,
10000,3,1968,
10000,3,1966,
10000,3,1964,
10000,3,1962,
10000,3,1960,
10000,3,1958,
10000,3,1956,
10000,3,1954,
10000,3,1952,
10000,3,1950,
10000,3,1948,
10000,3,1946,
10000,3,1944,
10000,3,1942,
10000,3,1940,
10000,3,1938,
10000,3,1936,
10000,3,1934,
10000,3,1932,
10000,3,1930,
10000,3,1928,
10000,3,1926,
10000,3,1924,
10000,3,1922,
10000,3,1920,
10000,3,1918,
10000,3,1916,
10000,3,1914,
10000,3,1912,
10000,3,1910,
10000,3,1908,
10000,4,1906,
10000,3,1904,
10000,3,1902,
10000,3,1900,
10000,4,1898,
10000,3,1896,
10000,3,1894,
10000,3,1892,
10000,3,1890,
10000,3,1888,
10000,3,1886,
10000,3,1884,
10000,3,1882,
10000,3,1880,
10000,3,1878,
10000,3,1876,
10000,3,1874,
10000,3,1872,
10000,3,1870,
10000,3,1868,
10000,3,1866,
10000,4,1864,
10000,3,1862,
10000,3,1860,
10000,3,1858,
10000,3,1856,
10000,3,1854,
10000,3,1852,
10000,3,1850,
10000,3,1848,
10000,3,1846,
10000,4,1844,
10000,3,1842,
10000,3,1840,
10000,3,1838,
10000,3,1836,
10000,3,1834,
10000,3,1832,
10000,3,1830,
10000,3,1828,
10000,4,1826,
10000,3,1824,
10000,3,1822,
10000,3,1820,
10000,4,1818,
10000,3,1816,
10000,3,1814,
10000,3,1812,
10000,3,1810,
10000,3,1808,
10000,3,1806,
10000,3,1804,
10000,3,1802,
10000,3,1800,
10000,3,1798,
10000,3,1796,
10000,3,1794,
10000,3,1792,
10000,3,1790,
10000,3,1788,
10000,3,1786,
10000,3,1784,
10000,4,1782,
10000,3,1780,
10000,3,1778,
10000,3,1776,
10000,3,1774,
10000,3,1772,
10000,3,1770,
10000,3,1768,
10000,3,1766,
10000,3,1764,
10000,3,1762,
10000,3,1760,
10000,3,1758,
10000,3,1756,
10000,3,1754,
10000,3,1752,
10000,3,1750,
10000,3,1748,
10000,3,1746,
10000,3,1744,
10000,3,1742,
10000,3,1740,
10000,3,1738,
10000,4,1736,
10000,3,1734,
10000,3,1732,
10000,3,1730,
10000,3,1728,
10000,3,1726,
10000,3,1724,
10000,3,1722,
10000,3,1720,
10000,3,1718,
10000,3,1716,
10000,3,1714,
10000,3,1712,
10000,3,1710,
10000,3,1708,
10000,3,1706,
10000,3,1704,
10000,3,1702,
10000,3,1700,
10000,3,1698,
10000,3,1696,
10000,3,1694,
10000,3,1692,
10000,3,1690,
10000,3,1688,
10000,3,1686,
10000,3,1684,
10000,4,1682,
10000,3,1680,
10000,3,1678,
10000,4,1676,
10000,3,1674,
10000,3,1672,
10000,3,1670,
10000,3,1668,
10000,3,1666,
10000,3,1664,
10000,3,1662,
10000,4,1660,
10000,3,1658,
10000,4,1656,
10000,3,1654,
10000,3,1652,
10000,3,1650,
10000,3,1648,
10000,3,1646,
10000,3,1644,
10000,3,1642,
10000,3,1640,
10000,3,1638,
10000,3,1636,
10000,3,1634,
10000,3,1632,
10000,3,1630,
10000,4,1628,
10000,3,1626,
10000,3,1624,
10000,3,1622,
10000,3,1620,
10000,3,1618,
10000,3,1616,
10000,3,1614,
10000,3,1612,
10000,3,1610,
10000,3,1608,
10000,3,1606,
10000,3,1604,
10000,3,1602,
10000,4,1600,
10000,3,1598,
10000,3,1596,
10000,3,1594,
10000,3,1592,
10000,3,1590,
10000,3,1588,
10000,3,1586,
10000,3,1584,
10000,3,1582,
10000,3,1580,
10000,3,1578,
10000,3,1576,
10000,3,1574,
10000,3,1572,
10000,3,1570,
10000,3,1568,
10000,3,1566,
10000,3,1564,
10000,3,1562,
10000,3,1560,
10000,3,1558,
10000,3,1556,
10000,3,1554,
10000,3,1552,
10000,3,1550,
10000,3,1548,
10000,3,1546,
10000,3,1544,
10000,3,1542,
10000,3,1540,
10000,4,1538,
10000,3,1536,
10000,3,1534,
10000,4,1532,
10000,3,1530,
10000,3,1528,
10000,3,1526,
10000,3,1524,
10000,3,1522,
10000,3,1520,
10000,3,1518,
10000,3,1516,
10000,3,1514,
10000,3,1512,
10000,3,1510,
10000,3,1508,
10000,3,1506,
10000,3,1504,
10000,3,1502,
10000,3,1500,
10000,3,1498,
10000,3,1496,
10000,3,1494,
10000,3,1492,
10000,3,1490,
10000,3,1488,
10000,3,1486,
10000,3,1484,
10000,3,1482,
10000,3,1480,
10000,3,1478,
10000,3,1476,
10000,4,1474,
10000,3,1472,
10000,3,1470,
10000,3,1468,
10000,3,1466,
10000,3,1464,
10000,3,1462,
10000,3,1460,
10000,3,1458,
10000,3,1456,
10000,3,1454,
10000,3,1452,
10000,3,1450,
10000,3,1448,
10000,3,1446,
10000,3,1444,
10000,3,1442,
10000,3,1440,
10000,3,1438,
10000,3,1436,
10000,3,1434,
10000,4,1432,
10000,3,1430,
10000,3,1428,
10000,3,1426,
10000,3,1424,
10000,3,1422,
10000,3,1420,
10000,3,1418,
10000,3,1416,
10000,3,1414,
10000,3,1412,
10000,4,1410,
10000,3,1408,
10000,3,1406,
10000,3,1404,
10000,3,1402,
10000,3,1400,
10000,4,1398,
10000,3,1396,
10000,3,1394,
10000,3,1392,
10000,3,1390,
10000,4,1388,
10000,3,1386,
10000,3,1384,
10000,3,1382,
10000,3,1380,
10000,3,1378,
10000,3,1376,
10000,4,1374,
10000,3,1372,
10000,3,1370,
10000,3,1368,
10000,3,1366,
10000,3,1364,
10000,3,1362,
10000,3,1360,
10000,3,1358,
10000,4,1356,
10000,3,1354,
10000,3,1352,
10000,3,1350,
10000,3,1348,
10000,3,1346,
10000,3,1344,
10000,3,1342,
10000,3,1340,
10000,4,1338,
10000,3,1336,
10000,3,1334,
10000,3,1332,
10000,3,1330,
10000,3,1328,
10000,3,1326,
10000,3,1324,
10000,3,1322,
10000,3,1320,
10000,3,1318,
10000,3,1316,
10000,3,1314,
10000,3,1312,
10000,3,1310,
10000,3,1308,
10000,3,1306,
10000,3,1304,
10000,4,1302,
10000,3,1300,
10000,3,1298,
10000,3,1296,
10000,3,1294,
10000,3,1292,
10000,3,1290,
10000,3,1288,
10000,3,1286,
10000,4,1284,
10000,3,1282,
10000,3,1280,
10000,3,1278,
10000,3,1276,
10000,3,1274,
10000,3,1272,
10000,4,1270,
10000,3,1268,
10000,4,1266,
10000,3,1264,
10000,3,1262,
10000,3,1260,
10000,3,1258,
10000,3,1256,
10000,3,1254,
10000,3,1252,
10000,3,1250,
10000,3,1248,
10000,3,1246,
10000,3,1244,
10000,3,1242,
10000,3,1240,
10000,3,1238,
10000,3,1236,
10000,4,1234,
10000,3,1232,
10000,3,1230,
10000,3,1228,
10000,3,1226,
10000,4,1224,
10000,3,1222,
10000,4,1220,
10000,3,1218,
10000,3,1216,
10000,3,1214,
10000,3,1212,
10000,3,1210,
10000,3,1208,
10000,3,1206,
10000,3,1204,
10000,3,1202,
10000,3,1200,
10000,3,1198,
10000,3,1196,
10000,3,1194,
10000,3,1192,
10000,3,1190,
10000,3,1188,
10000,3,1186,
10000,3,1184,
10000,3,1182,
10000,3,1180,
10000,3,1178,
10000,3,1176,
10000,3,1174,
10000,3,1172,
10000,4,1170,
10000,3,1168,
10000,3,1166,
10000,3,1164,
10000,3,1162,
10000,3,1160,
10000,3,1158,
10000,3,1156,
10000,3,1154,
10000,3,1152,
10000,3,1150,
10000,3,1148,
10000,3,1146,
10000,3,1144,
10000,3,1142,
10000,3,1140,
10000,3,1138,
10000,3,1136,
10000,3,1134,
10000,3,1132,
10000,3,1130,
10000,3,1128,
10000,3,1126,
10000,3,1124,
10000,3,1122,
10000,3,1120,
10000,3,1118,
10000,3,1116,
10000,3,1114,
10000,3,1112,
10000,3,1110,
10000,3,1108,
10000,3,1106,
10000,3,1104,
10000,3,1102,
10000,3,1100,
10000,3,1098,
10000,3,1096,
10000,3,1094,
10000,3,1092,
10000,3,1090,
10000,3,1088,
10000,3,1086,
10000,3,1084,
10000,3,1082,
10000,3,1080,
10000,3,1078,
10000,3,1076,
10000,3,1074,
10000,3,1072,
10000,3,1070,
10000,3,1068,
10000,3,1066,
10000,4,1064,
10000,3,1062,
10000,3,1060,
10000,3,1058,
10000,3,1056,
10000,3,1054,
10000,3,1052,
10000,3,1050,
10000,3,1048,
10000,3,1046,
10000,3,1044,
10000,3,1042,
10000,3,1040,
10000,3,1038,
10000,3,1036,
10000,3,1034,
10000,3,1032,
10000,3,1030,
10000,3,1028,
10000,3,1026,
10000,3,1024,
10000,3,1022,
10000,3,1020,
10000,3,1018,
10000,3,1016,
10000,3,1014,
10000,3,1012,
10000,3,1010,
10000,3,1008,
10000,3,1006,
10000,3,1004,
10000,3,1002,
10000,3,1000,
10000,3,998,
10000,3,996,
10000,3,994,
10000,3,992,
10000,3,990,
10000,3,988,
10000,3,986,
10000,3,984,
10000,3,982,
10000,3,980,
10000,3,978,
10000,4,976,
10000,3,974,
10000,3,972,
10000,3,970,
10000,3,968,
10000,3,966,
10000,3,964,
10000,3,962,
10000,3,960,
10000,3,958,
10000,3,956,
10000,3,954,
10000,3,952,
10000,4,950,
10000,3,948,
10000,3,946,
10000,3,944,
10000,3,942,
10000,3,940,
10000,4,938,
10000,3,936,
10000,4,934,
10000,3,932,
10000,3,930,
10000,3,928,
10000,3,926,
10000,3,924,
10000,3,922,
10000,3,920,
10000,3,918,
10000,3,916,
10000,3,914,
10000,3,912,
10000,3,910,
10000,3,908,
10000,3,906,
10000,3,904,
10000,3,902,
10000,3,900,
10000,3,898,
10000,4,896,
10000,3,894,
10000,3,892,
10000,3,890,
10000,4,888,
10000,3,886,
10000,3,884,
10000,3,882,
10000,3,880,
10000,3,878,
10000,3,876,
10000,3,874,
10000,4,872,
10000,3,870,
10000,3,868,
10000,3,866,
10000,4,864,
10000,3,862,
10000,3,860,
10000,3,858,
10000,3,856,
10000,3,854,
10000,3,852,
10000,3,850,
10000,3,848,
10000,3,846,
10000,3,844,
10000,3,842,
10000,3,840,
10000,3,838,
10000,3,836,
10000,3,834,
10000,3,832,
10000,3,830,
10000,3,828,
10000,3,826,
10000,3,824,
10000,3,822,
10000,3,820,
10000,3,818,
10000,3,816,
10000,3,814,
10000,3,812,
10000,3,810,
10000,3,808,
10000,3,806,
10000,3,804,
10000,3,802,
10000,3,800,
10000,3,798,
10000,3,796,
10000,3,794,
10000,3,792,
10000,3,790,
10000,3,788,
10000,3,786,
10000,3,784,
10000,3,782,
10000,3,780,
10000,3,778,
10000,3,776,
10000,3,774,
10000,3,772,
10000,3,770,
10000,3,768,
10000,4,766,
10000,3,764,
10000,3,762,
10000,3,760,
10000,3,758,
10000,4,756,
10000,3,754,
10000,3,752,
10000,3,750,
10000,3,748,
10000,4,746,
10000,3,744,
10000,3,742,
10000,4,740,
10000,3,738,
10000,3,736,
10000,3,734,
10000,3,732,
10000,3,730,
10000,3,728,
10000,4,726,
10000,3,724,
10000,3,722,
10000,3,720,
10000,3,718,
10000,3,716,
10000,4,714,
10000,3,712,
10000,3,710,
10000,3,708,
10000,3,706,
10000,3,704,
10000,3,702,
10000,3,700,
10000,3,698,
10000,3,696,
10000,3,694,
10000,3,692,
10000,3,690,
10000,3,688,
10000,3,686,
10000,3,684,
10000,3,682,
10000,3,680,
10000,3,678,
10000,3,676,
10000,3,674,
10000,3,672,
10000,3,670,
10000,4,668,
10000,3,666,
10000,3,664,
10000,3,662,
10000,3,660,
10000,3,658,
10000,4,656,
10000,3,654,
10000,4,652,
10000,3,650,
10000,3,648,
10000,3,646,
10000,3,644,
10000,3,642,
10000,3,640,
10000,3,638,
10000,3,636,
10000,3,634,
10000,4,632,
10000,3,630,
10000,3,628,
10000,3,626,
10000,3,624,
10000,3,622,
10000,3,620,
10000,4,618,
10000,4,616,
10000,3,614,
10000,3,612,
10000,3,610,
10000,3,608,
10000,4,606,
10000,4,604,
10000,3,602,
10000,3,600,
10000,3,598,
10000,3,596,
10000,3,594,
10000,3,592,
10000,3,590,
10000,4,588,
10000,3,586,
10000,3,584,
10000,3,582,
10000,3,580,
10000,3,578,
10000,3,576,
10000,3,574,
10000,3,572,
10000,3,570,
10000,3,568,
10000,3,566,
10000,3,564,
10000,3,562,
10000,3,560,
10000,3,558,
10000,3,556,
10000,3,554,
10000,3,552,
10000,3,550,
10000,3,548,
10000,3,546,
10000,3,544,
10000,3,542,
10000,3,540,
10000,3,538,
10000,3,536,
10000,3,534,
10000,3,532,
10000,4,530,
10000,3,528,
10000,3,526,
10000,3,524,
10000,3,522,
10000,3,520,
10000,3,518,
10000,3,516,
10000,3,514,
10000,3,512,
10000,3,510,
10000,3,508,
10000,3,506,
10000,3,504,
10000,3,502,
10000,3,500,
10000,3,498,
10000,3,496,
10000,3,494,
10000,3,492,
10000,3,490,
10000,3,488,
10000,4,486,
10000,3,484,
10000,3,482,
10000,3,480,
10000,3,478,
10000,4,476,
10000,3,474,
10000,3,472,
10000,3,470,
10000,3,468,
10000,3,466,
10000,3,464,
10000,3,462,
10000,3,460,
10000,3,458,
10000,3,456,
10000,3,454,
10000,3,452,
10000,3,450,
10000,3,448,
10000,3,446,
10000,3,444,
10000,3,442,
10000,3,440,
10000,3,438,
10000,3,436,
10000,3,434,
10000,3,432,
10000,3,430,
10000,3,428,
10000,3,426,
10000,3,424,
10000,3,422,
10000,3,420,
10000,3,418,
10000,3,416,
10000,3,414,
10000,3,412,
10000,3,410,
10000,3,408,
10000,3,406,
10000,3,404,
10000,3,402,
10000,3,400,
10000,3,398,
10000,3,396,
10000,3,394,
10000,3,392,
10000,3,390,
10000,3,388,
10000,3,386,
10000,3,384,
10000,3,382,
10000,3,380,
10000,3,378,
10000,3,376,
10000,4,374,
10000,3,372,
10000,3,370,
10000,3,368,
10000,3,366,
10000,3,364,
10000,3,362,
10000,3,360,
10000,4,358,
10000,3,356,
10000,3,354,
10000,3,352,
10000,3,350,
10000,4,348,
10000,3,346,
10000,3,344,
10000,3,342,
10000,3,340,
10000,3,338,
10000,3,336,
10000,3,334,
10000,3,332,
10000,3,330,
10000,4,328,
10000,3,326,
10000,3,324,
10000,3,322,
10000,3,320,
10000,3,318,
10000,3,316,
10000,3,314,
10000,3,312,
10000,3,310,
10000,3,308,
10000,3,306,
10000,3,304,
10000,3,302,
10000,3,300,
10000,4,298,
10000,3,296,
10000,3,294,
10000,3,292,
10000,3,290,
10000,3,288,
10000,3,286,
10000,4,284,
10000,3,282,
10000,3,280,
10000,3,278,
10000,3,276,
10000,3,274,
10000,3,272,
10000,3,270,
10000,3,268,
10000,3,266,
10000,3,264,
10000,3,262,
10000,3,260,
10000,3,258,
10000,3,256,
10000,3,254,
10000,3,252,
10000,3,250,
10000,3,248,
10000,3,246,
10000,3,244,
10000,3,242,
10000,3,240,
10000,3,238,
10000,3,236,
10000,3,234,
10000,3,232,
10000,3,230,
10000,3,228,
10000,3,226,
10000,3,224,
10000,3,222,
10000,3,220,
10000,3,218,
10000,3,216,
10000,3,214,
10000,3,212,
10000,3,210,
10000,3,208,
10000,3,206,
10000,3,204,
10000,3,202,
10000,3,200,
10000,3,198,
10000,3,196,
10000,3,194,
10000,4,192,
10000,3,190,
10000,3,188,
10000,3,186,
10000,3,184,
10000,3,182,
10000,3,180,
10000,3,178,
10000,3,176,
10000,3,174,
10000,3,172,
10000,3,170,
10000,3,168,
10000,3,166,
10000,3,164,
10000,3,162,
10000,3,160,
10000,3,158,
10000,3,156,
10000,3,154,
10000,3,152,
10000,3,150,
10000,3,148,
10000,3,146,
10000,3,144,
10000,3,142,
10000,4,140,
10000,3,138,
10000,3,136,
10000,3,134,
10000,4,132,
10000,3,130,
10000,3,128,
10000,3,126,
10000,3,124,
10000,3,122,
10000,3,120,
10000,3,118,
10000,3,116,
10000,3,114,
10000,3,112,
10000,3,110,
10000,3,108,
10000,3,106,
10000,3,104,
10000,3,102,
10000,3,100,
10000,3,98,
10000,4,96,
10000,3,94,
10000,3,92,
10000,3,90,
10000,3,88,
10000,3,86,
10000,3,84,
10000,3,82,
10000,3,80,
10000,3,78,
10000,3,76,
10000,3,74,
10000,3,72,
10000,4,70,
10000,3,68,
10000,3,66,
10000,3,64,
10000,3,62,
10000,3,60,
10000,3,58,
10000,3,56,
10000,3,54,
10000,3,52,
10000,3,50,
10000,3,48,
10000,3,46,
10000,3,44,
10000,3,42,
10000,3,40,
10000,3,38,
10000,3,36,
10000,3,34,
10000,3,32,
10000,3,30,
10000,3,28,
10000,3,26,
10000,3,24,
10000,3,22,
10000,3,20,
10000,3,18,
10000,3,16,
10000,3,14,
10000,3,12,
10000,3,10,
10000,3,8,
10000,4,6,
10000,3,4,
10000,3,2,
100000,3,4000,
100000,3,3998,
100000,3,3996,
100000,4,3994,
100000,3,3992,
100000,4,3990,
100000,4,3988,
100000,3,3986,
100000,3,3984,
100000,4,3982,
100000,3,3980,
100000,3,3978,
100000,4,3976,
100000,3,3974,
100000,4,3972,
100000,3,3970,
100000,3,3968,
100000,4,3966,
100000,4,3964,
100000,3,3962,
100000,3,3960,
100000,3,3958,
100000,3,3956,
100000,4,3954,
100000,4,3952,
100000,4,3950,
100000,4,3948,
100000,3,3946,
100000,4,3944,
100000,4,3942,
100000,4,3940,
100000,4,3938,
100000,4,3936,
100000,3,3934,
100000,3,3932,
100000,4,3930,
100000,4,3928,
100000,4,3926,
100000,4,3924,
100000,3,3922,
100000,3,3920,
100000,3,3918,
100000,4,3916,
100000,4,3914,
100000,3,3912,
100000,4,3910,
100000,3,3908,
100000,4,3906,
100000,3,3904,
100000,4,3902,
100000,4,3900,
100000,3,3898,
100000,4,3896,
100000,4,3894,
100000,4,3892,
100000,4,3890,
100000,3,3888,
100000,3,3886,
100000,4,3884,
100000,3,3882,
100000,4,3880,
100000,3,3878,
100000,4,3876,
100000,4,3874,
100000,3,3872,
100000,3,3870,
100000,4,3868,
100000,3,3866,
100000,3,3864,
100000,3,3862,
100000,3,3860,
100000,4,3858,
100000,4,3856,
100000,3,3854,
100000,3,3852,
100000,4,3850,
100000,3,3848,
100000,3,3846,
100000,3,3844,
100000,3,3842,
100000,3,3840,
100000,3,3838,
100000,3,3836,
100000,3,3834,
100000,4,3832,
100000,4,3830,
100000,3,3828,
100000,3,3826,
100000,3,3824,
100000,4,3822,
100000,3,3820,
100000,3,3818,
100000,4,3816,
100000,3,3814,
100000,3,3812,
100000,4,3810,
100000,4,3808,
100000,3,3806,
100000,3,3804,
100000,4,3802,
100000,3,3800,
100000,4,3798,
100000,4,3796,
100000,4,3794,
100000,3,3792,
100000,4,3790,
100000,3,3788,
100000,4,3786,
100000,4,3784,
100000,3,3782,
100000,3,3780,
100000,4,3778,
100000,3,3776,
100000,4,3774,
100000,3,3772,
100000,4,3770,
100000,3,3768,
100000,3,3766,
100000,3,3764,
100000,3,3762,
100000,3,3760,
100000,4,3758,
100000,3,3756,
100000,4,3754,
100000,3,3752,
100000,3,3750,
100000,3,3748,
100000,4,3746,
100000,3,3744,
100000,3,3742,
100000,4,3740,
100000,3,3738,
100000,3,3736,
100000,4,3734,
100000,4,3732,
100000,3,3730,
100000,3,3728,
100000,4,3726,
100000,4,3724,
100000,3,3722,
100000,3,3720,
100000,4,3718,
100000,3,3716,
100000,3,3714,
100000,4,3712,
100000,3,3710,
100000,4,3708,
100000,3,3706,
100000,3,3704,
100000,3,3702,
100000,3,3700,
100000,3,3698,
100000,4,3696,
100000,4,3694,
100000,4,3692,
100000,3,3690,
100000,4,3688,
100000,3,3686,
100000,3,3684,
100000,4,3682,
100000,3,3680,
100000,3,3678,
100000,4,3676,
100000,4,3674,
100000,4,3672,
100000,3,3670,
100000,4,3668,
100000,4,3666,
100000,4,3664,
100000,4,3662,
100000,3,3660,
100000,4,3658,
100000,3,3656,
100000,4,3654,
100000,3,3652,
100000,4,3650,
100000,4,3648,
100000,3,3646,
100000,4,3644,
100000,3,3642,
100000,4,3640,
100000,3,3638,
100000,4,3636,
100000,4,3634,
100000,4,3632,
100000,3,3630,
100000,3,3628,
100000,3,3626,
100000,3,3624,
100000,3,3622,
100000,4,3620,
100000,4,3618,
100000,4,3616,
100000,4,3614,
100000,4,3612,
100000,4,3610,
100000,4,3608,
100000,4,3606,
100000,3,3604,
100000,3,3602,
100000,3,3600,
100000,4,3598,
100000,4,3596,
100000,4,3594,
100000,4,3592,
100000,3,3590,
100000,4,3588,
100000,3,3586,
100000,3,3584,
100000,4,3582,
100000,4,3580,
100000,4,3578,
100000,4,3576,
100000,3,3574,
100000,3,3572,
100000,4,3570,
100000,3,3568,
100000,3,3566,
100000,4,3564,
100000,4,3562,
100000,3,3560,
100000,4,3558,
100000,3,3556,
100000,4,3554,
100000,3,3552,
100000,3,3550,
100000,4,3548,
100000,4,3546,
100000,3,3544,
100000,4,3542,
100000,3,3540,
100000,4,3538,
100000,3,3536,
100000,4,3534,
100000,4,3532,
100000,3,3530,
100000,3,3528,
100000,3,3526,
100000,3,3524,
100000,3,3522,
100000,4,3520,
100000,3,3518,
100000,3,3516,
100000,4,3514,
100000,4,3512,
100000,3,3510,
100000,3,3508,
100000,3,3506,
100000,4,3504,
100000,3,3502,
100000,4,3500,
100000,3,3498,
100000,4,3496,
100000,3,3494,
100000,4,3492,
100000,3,3490,
100000,4,3488,
100000,4,3486,
100000,3,3484,
100000,4,3482,
100000,4,3480,
100000,4,3478,
100000,3,3476,
100000,3,3474,
100000,3,3472,
100000,3,3470,
100000,4,3468,
100000,3,3466,
100000,4,3464,
100000,3,3462,
100000,3,3460,
100000,3,3458,
100000,4,3456,
100000,3,3454,
100000,3,3452,
100000,4,3450,
100000,4,3448,
100000,4,3446,
100000,4,3444,
100000,4,3442,
100000,3,3440,
100000,3,3438,
100000,3,3436,
100000,3,3434,
100000,3,3432,
100000,3,3430,
100000,3,3428,
100000,4,3426,
100000,3,3424,
100000,4,3422,
100000,3,3420,
100000,3,3418,
100000,4,3416,
100000,4,3414,
100000,3,3412,
100000,4,3410,
100000,3,3408,
100000,3,3406,
100000,3,3404,
100000,4,3402,
100000,3,3400,
100000,3,3398,
100000,4,3396,
100000,3,3394,
100000,3,3392,
100000,4,3390,
100000,4,3388,
100000,3,3386,
100000,3,3384,
100000,3,3382,
100000,4,3380,
100000,3,3378,
100000,3,3376,
100000,4,3374,
100000,3,3372,
100000,3,3370,
100000,4,3368,
100000,4,3366,
100000,3,3364,
100000,3,3362,
100000,3,3360,
100000,4,3358,
100000,4,3356,
100000,3,3354,
100000,4,3352,
100000,3,3350,
100000,4,3348,
100000,4,3346,
100000,4,3344,
100000,4,3342,
100000,4,3340,
100000,3,3338,
100000,4,3336,
100000,3,3334,
100000,4,3332,
100000,3,3330,
100000,4,3328,
100000,4,3326,
100000,4,3324,
100000,3,3322,
100000,4,3320,
100000,4,3318,
100000,3,3316,
100000,4,3314,
100000,3,3312,
100000,4,3310,
100000,3,3308,
100000,4,3306,
100000,3,3304,
100000,3,3302,
100000,3,3300,
100000,4,3298,
100000,3,3296,
100000,3,3294,
100000,4,3292,
100000,3,3290,
100000,3,3288,
100000,4,3286,
100000,4,3284,
100000,4,3282,
100000,3,3280,
100000,3,3278,
100000,4,3276,
100000,4,3274,
100000,4,3272,
100000,4,3270,
100000,4,3268,
100000,4,3266,
100000,4,3264,
100000,3,3262,
100000,3,3260,
100000,3,3258,
100000,3,3256,
100000,3,3254,
100000,3,3252,
100000,3,3250,
100000,4,3248,
100000,3,3246,
100000,3,3244,
100000,3,3242,
100000,4,3240,
100000,3,3238,
100000,3,3236,
100000,4,3234,
100000,3,3232,
100000,3,3230,
100000,4,3228,
100000,3,3226,
100000,3,3224,
100000,4,3222,
100000,4,3220,
100000,3,3218,
100000,3,3216,
100000,4,3214,
100000,3,3212,
100000,4,3210,
100000,3,3208,
100000,3,3206,
100000,3,3204,
100000,3,3202,
100000,3,3200,
100000,4,3198,
100000,3,3196,
100000,4,3194,
100000,3,3192,
100000,3,3190,
100000,4,3188,
100000,3,3186,
100000,3,3184,
100000,4,3182,
100000,4,3180,
100000,3,3178,
100000,4,3176,
100000,4,3174,
100000,3,3172,
100000,4,3170,
100000,4,3168,
100000,4,3166,
100000,4,3164,
100000,3,3162,
100000,4,3160,
100000,4,3158,
100000,4,3156,
100000,4,3154,
100000,4,3152,
100000,4,3150,
100000,4,3148,
100000,4,3146,
100000,4,3144,
100000,3,3142,
100000,3,3140,
100000,4,3138,
100000,4,3136,
100000,3,3134,
100000,4,3132,
100000,3,3130,
100000,3,3128,
100000,3,3126,
100000,4,3124,
100000,4,3122,
100000,3,3120,
100000,3,3118,
100000,4,3116,
100000,3,3114,
100000,3,3112,
100000,4,3110,
100000,4,3108,
100000,3,3106,
100000,3,3104,
100000,3,3102,
100000,3,3100,
100000,4,3098,
100000,4,3096,
100000,4,3094,
100000,3,3092,
100000,4,3090,
100000,4,3088,
100000,3,3086,
100000,3,3084,
100000,4,3082,
100000,3,3080,
100000,3,3078,
100000,4,3076,
100000,3,3074,
100000,4,3072,
100000,3,3070,
100000,3,3068,
100000,3,3066,
100000,4,3064,
100000,4,3062,
100000,4,3060,
100000,4,3058,
100000,4,3056,
100000,4,3054,
100000,3,3052,
100000,3,3050,
100000,3,3048,
100000,3,3046,
100000,3,3044,
100000,3,3042,
100000,3,3040,
100000,4,3038,
100000,4,3036,
100000,4,3034,
100000,3,3032,
100000,4,3030,
100000,4,3028,
100000,4,3026,
100000,3,3024,
100000,4,3022,
100000,4,3020,
100000,3,3018,
100000,3,3016,
100000,3,3014,
100000,4,3012,
100000,4,3010,
100000,3,3008,
100000,3,3006,
100000,4,3004,
100000,3,3002,
100000,3,3000,
100000,4,2998,
100000,4,2996,
100000,4,2994,
100000,4,2992,
100000,3,2990,
100000,3,2988,
100000,4,2986,
100000,3,2984,
100000,4,2982,
100000,3,2980,
100000,4,2978,
100000,3,2976,
100000,4,2974,
100000,3,2972,
100000,3,2970,
100000,4,2968,
100000,3,2966,
100000,3,2964,
100000,4,2962,
100000,4,2960,
100000,4,2958,
100000,4,2956,
100000,4,2954,
100000,3,2952,
100000,3,2950,
100000,4,2948,
100000,3,2946,
100000,3,2944,
100000,4,2942,
100000,4,2940,
100000,4,2938,
100000,3,2936,
100000,4,2934,
100000,4,2932,
100000,3,2930,
100000,3,2928,
100000,3,2926,
100000,4,2924,
100000,3,2922,
100000,3,2920,
100000,3,2918,
100000,4,2916,
100000,3,2914,
100000,4,2912,
100000,3,2910,
100000,4,2908,
100000,3,2906,
100000,4,2904,
100000,4,2902,
100000,3,2900,
100000,3,2898,
100000,4,2896,
100000,3,2894,
100000,3,2892,
100000,3,2890,
100000,4,2888,
100000,3,2886,
100000,4,2884,
100000,3,2882,
100000,3,2880,
100000,4,2878,
100000,4,2876,
100000,3,2874,
100000,4,2872,
100000,4,2870,
100000,3,2868,
100000,4,2866,
100000,4,2864,
100000,3,2862,
100000,3,2860,
100000,3,2858,
100000,4,2856,
100000,3,2854,
100000,4,2852,
100000,3,2850,
100000,4,2848,
100000,3,2846,
100000,3,2844,
100000,3,2842,
100000,3,2840,
100000,3,2838,
100000,3,2836,
100000,4,2834,
100000,3,2832,
100000,4,2830,
100000,3,2828,
100000,4,2826,
100000,3,2824,
100000,4,2822,
100000,4,2820,
100000,4,2818,
100000,4,2816,
100000,3,2814,
100000,4,2812,
100000,3,2810,
100000,4,2808,
100000,3,2806,
100000,3,2804,
100000,3,2802,
100000,3,2800,
100000,4,2798,
100000,4,2796,
100000,3,2794,
100000,3,2792,
100000,3,2790,
100000,3,2788,
100000,3,2786,
100000,4,2784,
100000,3,2782,
100000,3,2780,
100000,4,2778,
100000,4,2776,
100000,4,2774,
100000,3,2772,
100000,4,2770,
100000,3,2768,
100000,3,2766,
100000,3,2764,
100000,3,2762,
100000,3,2760,
100000,3,2758,
100000,3,2756,
100000,4,2754,
100000,4,2752,
100000,4,2750,
100000,4,2748,
100000,4,2746,
100000,3,2744,
100000,3,2742,
100000,3,2740,
100000,3,2738,
100000,4,2736,
100000,3,2734,
100000,3,2732,
100000,3,2730,
100000,3,2728,
100000,4,2726,
100000,4,2724,
100000,3,2722,
100000,3,2720,
100000,4,2718,
100000,4,2716,
100000,3,2714,
100000,3,2712,
100000,4,2710,
100000,3,2708,
100000,3,2706,
100000,3,2704,
100000,3,2702,
100000,4,2700,
100000,3,2698,
100000,3,2696,
100000,4,2694,
100000,4,2692,
100000,4,2690,
100000,3,2688,
100000,3,2686,
100000,3,2684,
100000,3,2682,
100000,4,2680,
100000,4,2678,
100000,4,2676,
100000,3,2674,
100000,3,2672,
100000,3,2670,
100000,3,2668,
100000,4,2666,
100000,4,2664,
100000,4,2662,
100000,3,2660,
100000,3,2658,
100000,3,2656,
100000,4,2654,
100000,4,2652,
100000,3,2650,
100000,4,2648,
100000,4,2646,
100000,4,2644,
100000,3,2642,
100000,3,2640,
100000,3,2638,
100000,3,2636,
100000,4,2634,
100000,3,2632,
100000,4,2630,
100000,3,2628,
100000,4,2626,
100000,3,2624,
100000,3,2622,
100000,3,2620,
100000,4,2618,
100000,3,2616,
100000,4,2614,
100000,4,2612,
100000,3,2610,
100000,3,2608,
100000,4,2606,
100000,4,2604,
100000,4,2602,
100000,4,2600,
100000,4,2598,
100000,3,2596,
100000,4,2594,
100000,3,2592,
100000,4,2590,
100000,4,2588,
100000,3,2586,
100000,3,2584,
100000,3,2582,
100000,4,2580,
100000,3,2578,
100000,4,2576,
100000,4,2574,
100000,3,2572,
100000,4,2570,
100000,4,2568,
100000,3,2566,
100000,3,2564,
100000,3,2562,
100000,3,2560,
100000,3,2558,
100000,3,2556,
100000,3,2554,
100000,3,2552,
100000,3,2550,
100000,4,2548,
100000,4,2546,
100000,3,2544,
100000,3,2542,
100000,3,2540,
100000,3,2538,
100000,3,2536,
100000,4,2534,
100000,4,2532,
100000,4,2530,
100000,3,2528,
100000,4,2526,
100000,4,2524,
100000,3,2522,
100000,4,2520,
100000,4,2518,
100000,4,2516,
100000,3,2514,
100000,4,2512,
100000,3,2510,
100000,3,2508,
100000,4,2506,
100000,4,2504,
100000,3,2502,
100000,3,2500,
100000,3,2498,
100000,4,2496,
100000,3,2494,
100000,3,2492,
100000,3,2490,
100000,4,2488,
100000,3,2486,
100000,3,2484,
100000,3,2482,
100000,3,2480,
100000,4,2478,
100000,4,2476,
100000,3,2474,
100000,4,2472,
100000,3,2470,
100000,4,2468,
100000,4,2466,
100000,3,2464,
100000,3,2462,
100000,3,2460,
100000,4,2458,
100000,3,2456,
100000,3,2454,
100000,4,2452,
100000,4,2450,
100000,4,2448,
100000,3,2446,
100000,4,2444,
100000,4,2442,
100000,4,2440,
100000,4,2438,
100000,4,2436,
100000,3,2434,
100000,4,2432,
100000,4,2430,
100000,4,2428,
100000,3,2426,
100000,4,2424,
100000,4,2422,
100000,4,2420,
100000,4,2418,
100000,4,2416,
100000,3,2414,
100000,3,2412,
100000,3,2410,
100000,3,2408,
100000,3,2406,
100000,3,2404,
100000,3,2402,
100000,4,2400,
100000,4,2398,
100000,3,2396,
100000,3,2394,
100000,4,2392,
100000,3,2390,
100000,4,2388,
100000,3,2386,
100000,3,2384,
100000,3,2382,
100000,3,2380,
100000,3,2378,
100000,4,2376,
100000,3,2374,
100000,4,2372,
100000,3,2370,
100000,4,2368,
100000,4,2366,
100000,3,2364,
100000,4,2362,
100000,3,2360,
100000,4,2358,
100000,3,2356,
100000,4,2354,
100000,3,2352,
100000,4,2350,
100000,3,2348,
100000,3,2346,
100000,3,2344,
100000,4,2342,
100000,3,2340,
100000,4,2338,
100000,4,2336,
100000,4,2334,
100000,3,2332,
100000,4,2330,
100000,3,2328,
100000,3,2326,
100000,3,2324,
100000,4,2322,
100000,4,2320,
100000,4,2318,
100000,4,2316,
100000,3,2314,
100000,4,2312,
100000,3,2310,
100000,4,2308,
100000,3,2306,
100000,3,2304,
100000,3,2302,
100000,3,2300,
100000,4,2298,
100000,3,2296,
100000,3,2294,
100000,3,2292,
100000,3,2290,
100000,4,2288,
100000,4,2286,
100000,4,2284,
100000,4,2282,
100000,3,2280,
100000,3,2278,
100000,3,2276,
100000,4,2274,
100000,3,2272,
100000,4,2270,
100000,4,2268,
100000,3,2266,
100000,4,2264,
100000,3,2262,
100000,3,2260,
100000,3,2258,
100000,4,2256,
100000,4,2254,
100000,3,2252,
100000,3,2250,
100000,3,2248,
100000,4,2246,
100000,4,2244,
100000,4,2242,
100000,4,2240,
100000,3,2238,
100000,4,2236,
100000,4,2234,
100000,3,2232,
100000,3,2230,
100000,4,2228,
100000,4,2226,
100000,3,2224,
100000,3,2222,
100000,4,2220,
100000,3,2218,
100000,4,2216,
100000,3,2214,
100000,4,2212,
100000,3,2210,
100000,4,2208,
100000,3,2206,
100000,4,2204,
100000,4,2202,
100000,4,2200,
100000,3,2198,
100000,3,2196,
100000,3,2194,
100000,4,2192,
100000,3,2190,
100000,3,2188,
100000,4,2186,
100000,3,2184,
100000,4,2182,
100000,3,2180,
100000,3,2178,
100000,3,2176,
100000,4,2174,
100000,4,2172,
100000,4,2170,
100000,4,2168,
100000,4,2166,
100000,4,2164,
100000,3,2162,
100000,3,2160,
100000,4,2158,
100000,3,2156,
100000,3,2154,
100000,4,2152,
100000,4,2150,
100000,3,2148,
100000,3,2146,
100000,4,2144,
100000,3,2142,
100000,4,2140,
100000,3,2138,
100000,4,2136,
100000,3,2134,
100000,3,2132,
100000,3,2130,
100000,4,2128,
100000,4,2126,
100000,3,2124,
100000,4,2122,
100000,3,2120,
100000,3,2118,
100000,4,2116,
100000,3,2114,
100000,3,2112,
100000,4,2110,
100000,3,2108,
100000,3,2106,
100000,4,2104,
100000,4,2102,
100000,3,2100,
100000,3,2098,
100000,3,2096,
100000,3,2094,
100000,3,2092,
100000,4,2090,
100000,4,2088,
100000,4,2086,
100000,3,2084,
100000,4,2082,
100000,3,2080,
100000,3,2078,
100000,3,2076,
100000,3,2074,
100000,3,2072,
100000,3,2070,
100000,3,2068,
100000,4,2066,
100000,4,2064,
100000,4,2062,
100000,3,2060,
100000,3,2058,
100000,3,2056,
100000,4,2054,
100000,3,2052,
100000,3,2050,
100000,4,2048,
100000,3,2046,
100000,4,2044,
100000,4,2042,
100000,4,2040,
100000,3,2038,
100000,3,2036,
100000,4,2034,
100000,3,2032,
100000,4,2030,
100000,4,2028,
100000,4,2026,
100000,4,2024,
100000,3,2022,
100000,4,2020,
100000,3,2018,
100000,3,2016,
100000,3,2014,
100000,3,2012,
100000,4,2010,
100000,3,2008,
100000,3,2006,
100000,3,2004,
100000,4,2002,
100000,4,2000,
100000,4,1998,
100000,4,1996,
100000,3,1994,
100000,3,1992,
100000,3,1990,
100000,4,1988,
100000,3,1986,
100000,3,1984,
100000,4,1982,
100000,3,1980,
100000,4,1978,
100000,3,1976,
100000,4,1974,
100000,3,1972,
100000,4,1970,
100000,4,1968,
100000,3,1966,
100000,3,1964,
100000,4,1962,
100000,3,1960,
100000,3,1958,
100000,3,1956,
100000,4,1954,
100000,3,1952,
100000,4,1950,
100000,4,1948,
100000,4,1946,
100000,4,1944,
100000,4,1942,
100000,4,1940,
100000,4,1938,
100000,4,1936,
100000,3,1934,
100000,3,1932,
100000,3,1930,
100000,4,1928,
100000,3,1926,
100000,3,1924,
100000,4,1922,
100000,4,1920,
100000,4,1918,
100000,3,1916,
100000,4,1914,
100000,4,1912,
100000,3,1910,
100000,3,1908,
100000,3,1906,
100000,4,1904,
100000,4,1902,
100000,3,1900,
100000,4,1898,
100000,4,1896,
100000,3,1894,
100000,3,1892,
100000,3,1890,
100000,3,1888,
100000,4,1886,
100000,3,1884,
100000,3,1882,
100000,3,1880,
100000,4,1878,
100000,3,1876,
100000,3,1874,
100000,3,1872,
100000,4,1870,
100000,4,1868,
100000,3,1866,
100000,4,1864,
100000,4,1862,
100000,4,1860,
100000,4,1858,
100000,3,1856,
100000,3,1854,
100000,3,1852,
100000,3,1850,
100000,4,1848,
100000,4,1846,
100000,4,1844,
100000,4,1842,
100000,3,1840,
100000,3,1838,
100000,4,1836,
100000,4,1834,
100000,4,1832,
100000,3,1830,
100000,4,1828,
100000,4,1826,
100000,3,1824,
100000,4,1822,
100000,3,1820,
100000,3,1818,
100000,3,1816,
100000,4,1814,
100000,4,1812,
100000,3,1810,
100000,3,1808,
100000,3,1806,
100000,3,1804,
100000,4,1802,
100000,4,1800,
100000,4,1798,
100000,4,1796,
100000,3,1794,
100000,3,1792,
100000,3,1790,
100000,4,1788,
100000,4,1786,
100000,3,1784,
100000,4,1782,
100000,3,1780,
100000,3,1778,
100000,4,1776,
100000,4,1774,
100000,3,1772,
100000,4,1770,
100000,4,1768,
100000,3,1766,
100000,3,1764,
100000,3,1762,
100000,3,1760,
100000,3,1758,
100000,4,1756,
100000,4,1754,
100000,4,1752,
100000,4,1750,
100000,4,1748,
100000,3,1746,
100000,4,1744,
100000,3,1742,
100000,4,1740,
100000,3,1738,
100000,3,1736,
100000,4,1734,
100000,3,1732,
100000,3,1730,
100000,4,1728,
100000,3,1726,
100000,3,1724,
100000,3,1722,
100000,3,1720,
100000,4,1718,
100000,3,1716,
100000,3,1714,
100000,3,1712,
100000,4,1710,
100000,3,1708,
100000,4,1706,
100000,4,1704,
100000,4,1702,
100000,3,1700,
100000,4,1698,
100000,4,1696,
100000,3,1694,
100000,3,1692,
100000,3,1690,
100000,3,1688,
100000,4,1686,
100000,3,1684,
100000,4,1682,
100000,4,1680,
100000,4,1678,
100000,4,1676,
100000,3,1674,
100000,4,1672,
100000,3,1670,
100000,4,1668,
100000,3,1666,
100000,3,1664,
100000,3,1662,
100000,3,1660,
100000,3,1658,
100000,3,1656,
100000,4,1654,
100000,3,1652,
100000,4,1650,
100000,3,1648,
100000,3,1646,
100000,4,1644,
100000,3,1642,
100000,4,1640,
100000,3,1638,
100000,4,1636,
100000,3,1634,
100000,3,1632,
100000,4,1630,
100000,3,1628,
100000,3,1626,
100000,4,1624,
100000,3,1622,
100000,3,1620,
100000,4,1618,
100000,3,1616,
100000,3,1614,
100000,3,1612,
100000,4,1610,
100000,4,1608,
100000,3,1606,
100000,3,1604,
100000,3,1602,
100000,4,1600,
100000,3,1598,
100000,3,1596,
100000,3,1594,
100000,3,1592,
100000,4,1590,
100000,4,1588,
100000,3,1586,
100000,3,1584,
100000,4,1582,
100000,3,1580,
100000,3,1578,
100000,3,1576,
100000,4,1574,
100000,4,1572,
100000,3,1570,
100000,4,1568,
100000,3,1566,
100000,4,1564,
100000,3,1562,
100000,3,1560,
100000,3,1558,
100000,3,1556,
100000,3,1554,
100000,4,1552,
100000,4,1550,
100000,4,1548,
100000,3,1546,
100000,3,1544,
100000,4,1542,
100000,4,1540,
100000,3,1538,
100000,3,1536,
100000,3,1534,
100000,3,1532,
100000,3,1530,
100000,3,1528,
100000,4,1526,
100000,4,1524,
100000,3,1522,
100000,4,1520,
100000,4,1518,
100000,4,1516,
100000,4,1514,
100000,4,1512,
100000,4,1510,
100000,4,1508,
100000,3,1506,
100000,4,1504,
100000,3,1502,
100000,4,1500,
100000,3,1498,
100000,3,1496,
100000,3,1494,
100000,4,1492,
100000,4,1490,
100000,3,1488,
100000,4,1486,
100000,4,1484,
100000,4,1482,
100000,4,1480,
100000,3,1478,
100000,3,1476,
100000,4,1474,
100000,4,1472,
100000,4,1470,
100000,3,1468,
100000,3,1466,
100000,3,1464,
100000,4,1462,
100000,4,1460,
100000,4,1458,
100000,4,1456,
100000,4,1454,
100000,3,1452,
100000,4,1450,
100000,4,1448,
100000,3,1446,
100000,3,1444,
100000,3,1442,
100000,3,1440,
100000,4,1438,
100000,4,1436,
100000,3,1434,
100000,4,1432,
100000,4,1430,
100000,3,1428,
100000,3,1426,
100000,4,1424,
100000,3,1422,
100000,4,1420,
100000,3,1418,
100000,4,1416,
100000,4,1414,
100000,4,1412,
100000,3,1410,
100000,3,1408,
100000,3,1406,
100000,3,1404,
100000,4,1402,
100000,4,1400,
100000,3,1398,
100000,4,1396,
100000,4,1394,
100000,3,1392,
100000,4,1390,
100000,4,1388,
100000,4,1386,
100000,4,1384,
100000,4,1382,
100000,3,1380,
100000,3,1378,
100000,3,1376,
100000,3,1374,
100000,3,1372,
100000,3,1370,
100000,3,1368,
100000,4,1366,
100000,3,1364,
100000,4,1362,
100000,4,1360,
100000,4,1358,
100000,4,1356,
100000,3,1354,
100000,3,1352,
100000,3,1350,
100000,3,1348,
100000,4,1346,
100000,4,1344,
100000,4,1342,
100000,3,1340,
100000,4,1338,
100000,3,1336,
100000,3,1334,
100000,3,1332,
100000,4,1330,
100000,3,1328,
100000,4,1326,
100000,4,1324,
100000,4,1322,
100000,3,1320,
100000,3,1318,
100000,4,1316,
100000,3,1314,
100000,4,1312,
100000,4,1310,
100000,4,1308,
100000,4,1306,
100000,4,1304,
100000,4,1302,
100000,3,1300,
100000,3,1298,
100000,3,1296,
100000,4,1294,
100000,3,1292,
100000,3,1290,
100000,4,1288,
100000,3,1286,
100000,3,1284,
100000,4,1282,
100000,4,1280,
100000,3,1278,
100000,4,1276,
100000,3,1274,
100000,3,1272,
100000,3,1270,
100000,3,1268,
100000,4,1266,
100000,4,1264,
100000,4,1262,
100000,3,1260,
100000,3,1258,
100000,4,1256,
100000,3,1254,
100000,4,1252,
100000,3,1250,
100000,4,1248,
100000,4,1246,
100000,3,1244,
100000,4,1242,
100000,3,1240,
100000,3,1238,
100000,3,1236,
100000,3,1234,
100000,4,1232,
100000,4,1230,
100000,3,1228,
100000,4,1226,
100000,3,1224,
100000,3,1222,
100000,4,1220,
100000,3,1218,
100000,4,1216,
100000,3,1214,
100000,3,1212,
100000,4,1210,
100000,4,1208,
100000,4,1206,
100000,3,1204,
100000,3,1202,
100000,3,1200,
100000,3,1198,
100000,3,1196,
100000,3,1194,
100000,3,1192,
100000,4,1190,
100000,3,1188,
100000,4,1186,
100000,3,1184,
100000,3,1182,
100000,3,1180,
100000,4,1178,
100000,3,1176,
100000,3,1174,
100000,4,1172,
100000,3,1170,
100000,4,1168,
100000,3,1166,
100000,3,1164,
100000,3,1162,
100000,3,1160,
100000,4,1158,
100000,3,1156,
100000,4,1154,
100000,3,1152,
100000,4,1150,
100000,3,1148,
100000,3,1146,
100000,4,1144,
100000,3,1142,
100000,4,1140,
100000,3,1138,
100000,4,1136,
100000,4,1134,
100000,3,1132,
100000,3,1130,
100000,4,1128,
100000,4,1126,
100000,3,1124,
100000,4,1122,
100000,3,1120,
100000,4,1118,
100000,4,1116,
100000,4,1114,
100000,4,1112,
100000,4,1110,
100000,4,1108,
100000,4,1106,
100000,3,1104,
100000,4,1102,
100000,3,1100,
100000,4,1098,
100000,3,1096,
100000,3,1094,
100000,3,1092,
100000,3,1090,
100000,3,1088,
100000,3,1086,
100000,3,1084,
100000,3,1082,
100000,3,1080,
100000,3,1078,
100000,3,1076,
100000,3,1074,
100000,3,1072,
100000,4,1070,
100000,3,1068,
100000,3,1066,
100000,4,1064,
100000,3,1062,
100000,4,1060,
100000,4,1058,
100000,3,1056,
100000,4,1054,
100000,4,1052,
100000,3,1050,
100000,4,1048,
100000,3,1046,
100000,4,1044,
100000,4,1042,
100000,4,1040,
100000,4,1038,
100000,3,1036,
100000,4,1034,
100000,4,1032,
100000,3,1030,
100000,4,1028,
100000,4,1026,
100000,3,1024,
100000,4,1022,
100000,3,1020,
100000,3,1018,
100000,4,1016,
100000,4,1014,
100000,3,1012,
100000,3,1010,
100000,4,1008,
100000,4,1006,
100000,4,1004,
100000,3,1002,
100000,4,1000,
100000,4,998,
100000,4,996,
100000,4,994,
100000,3,992,
100000,4,990,
100000,4,988,
100000,4,986,
100000,4,984,
100000,3,982,
100000,3,980,
100000,4,978,
100000,4,976,
100000,4,974,
100000,3,972,
100000,3,970,
100000,3,968,
100000,3,966,
100000,4,964,
100000,4,962,
100000,3,960,
100000,4,958,
100000,3,956,
100000,3,954,
100000,3,952,
100000,3,950,
100000,4,948,
100000,4,946,
100000,4,944,
100000,3,942,
100000,3,940,
100000,4,938,
100000,3,936,
100000,3,934,
100000,4,932,
100000,3,930,
100000,3,928,
100000,3,926,
100000,3,924,
100000,3,922,
100000,4,920,
100000,4,918,
100000,3,916,
100000,3,914,
100000,4,912,
100000,3,910,
100000,4,908,
100000,4,906,
100000,3,904,
100000,4,902,
100000,4,900,
100000,4,898,
100000,3,896,
100000,4,894,
100000,4,892,
100000,3,890,
100000,4,888,
100000,3,886,
100000,3,884,
100000,4,882,
100000,3,880,
100000,4,878,
100000,3,876,
100000,4,874,
100000,3,872,
100000,4,870,
100000,4,868,
100000,3,866,
100000,4,864,
100000,4,862,
100000,3,860,
100000,4,858,
100000,3,856,
100000,4,854,
100000,3,852,
100000,4,850,
100000,3,848,
100000,3,846,
100000,4,844,
100000,4,842,
100000,3,840,
100000,3,838,
100000,4,836,
100000,3,834,
100000,3,832,
100000,4,830,
100000,4,828,
100000,4,826,
100000,3,824,
100000,3,822,
100000,3,820,
100000,4,818,
100000,3,816,
100000,4,814,
100000,3,812,
100000,3,810,
100000,4,808,
100000,3,806,
100000,3,804,
100000,4,802,
100000,3,800,
100000,3,798,
100000,4,796,
100000,4,794,
100000,4,792,
100000,4,790,
100000,4,788,
100000,3,786,
100000,4,784,
100000,3,782,
100000,4,780,
100000,4,778,
100000,4,776,
100000,4,774,
100000,3,772,
100000,3,770,
100000,3,768,
100000,3,766,
100000,4,764,
100000,4,762,
100000,4,760,
100000,4,758,
100000,3,756,
100000,4,754,
100000,3,752,
100000,3,750,
100000,3,748,
100000,3,746,
100000,4,744,
100000,3,742,
100000,4,740,
100000,3,738,
100000,3,736,
100000,4,734,
100000,3,732,
100000,3,730,
100000,4,728,
100000,4,726,
100000,4,724,
100000,4,722,
100000,4,720,
100000,3,718,
100000,4,716,
100000,3,714,
100000,3,712,
100000,4,710,
100000,4,708,
100000,3,706,
100000,3,704,
100000,3,702,
100000,3,700,
100000,3,698,
100000,3,696,
100000,3,694,
100000,3,692,
100000,3,690,
100000,3,688,
100000,3,686,
100000,3,684,
100000,3,682,
100000,4,680,
100000,3,678,
100000,4,676,
100000,3,674,
100000,3,672,
100000,4,670,
100000,4,668,
100000,3,666,
100000,3,664,
100000,3,662,
100000,4,660,
100000,3,658,
100000,4,656,
100000,4,654,
100000,4,652,
100000,3,650,
100000,3,648,
100000,3,646,
100000,3,644,
100000,4,642,
100000,4,640,
100000,4,638,
100000,4,636,
100000,3,634,
100000,4,632,
100000,3,630,
100000,4,628,
100000,3,626,
100000,4,624,
100000,3,622,
100000,4,620,
100000,3,618,
100000,4,616,
100000,3,614,
100000,4,612,
100000,4,610,
100000,4,608,
100000,3,606,
100000,3,604,
100000,4,602,
100000,4,600,
100000,4,598,
100000,4,596,
100000,3,594,
100000,3,592,
100000,4,590,
100000,4,588,
100000,3,586,
100000,4,584,
100000,3,582,
100000,3,580,
100000,3,578,
100000,4,576,
100000,3,574,
100000,4,572,
100000,4,570,
100000,4,568,
100000,4,566,
100000,4,564,
100000,4,562,
100000,4,560,
100000,4,558,
100000,3,556,
100000,4,554,
100000,3,552,
100000,3,550,
100000,3,548,
100000,3,546,
100000,4,544,
100000,3,542,
100000,3,540,
100000,4,538,
100000,4,536,
100000,4,534,
100000,3,532,
100000,3,530,
100000,3,528,
100000,3,526,
100000,3,524,
100000,4,522,
100000,3,520,
100000,3,518,
100000,4,516,
100000,4,514,
100000,3,512,
100000,3,510,
100000,4,508,
100000,4,506,
100000,4,504,
100000,4,502,
100000,4,500,
100000,3,498,
100000,4,496,
100000,3,494,
100000,4,492,
100000,4,490,
100000,3,488,
100000,4,486,
100000,3,484,
100000,3,482,
100000,3,480,
100000,4,478,
100000,4,476,
100000,4,474,
100000,3,472,
100000,4,470,
100000,3,468,
100000,3,466,
100000,3,464,
100000,3,462,
100000,3,460,
100000,4,458,
100000,4,456,
100000,3,454,
100000,4,452,
100000,3,450,
100000,3,448,
100000,4,446,
100000,3,444,
100000,3,442,
100000,4,440,
100000,3,438,
100000,3,436,
100000,4,434,
100000,4,432,
100000,3,430,
100000,3,428,
100000,4,426,
100000,3,424,
100000,3,422,
100000,4,420,
100000,3,418,
100000,3,416,
100000,3,414,
100000,3,412,
100000,4,410,
100000,3,408,
100000,3,406,
100000,4,404,
100000,4,402,
100000,3,400,
100000,4,398,
100000,3,396,
100000,4,394,
100000,4,392,
100000,4,390,
100000,3,388,
100000,4,386,
100000,3,384,
100000,3,382,
100000,3,380,
100000,4,378,
100000,4,376,
100000,3,374,
100000,4,372,
100000,4,370,
100000,3,368,
100000,3,366,
100000,4,364,
100000,3,362,
100000,3,360,
100000,4,358,
100000,3,356,
100000,4,354,
100000,3,352,
100000,4,350,
100000,3,348,
100000,3,346,
100000,3,344,
100000,4,342,
100000,3,340,
100000,3,338,
100000,4,336,
100000,4,334,
100000,3,332,
100000,3,330,
100000,3,328,
100000,4,326,
100000,3,324,
100000,3,322,
100000,4,320,
100000,3,318,
100000,3,316,
100000,3,314,
100000,3,312,
100000,3,310,
100000,3,308,
100000,4,306,
100000,4,304,
100000,4,302,
100000,4,300,
100000,3,298,
100000,3,296,
100000,4,294,
100000,4,292,
100000,4,290,
100000,4,288,
100000,3,286,
100000,3,284,
100000,4,282,
100000,4,280,
100000,4,278,
100000,4,276,
100000,3,274,
100000,3,272,
100000,3,270,
100000,3,268,
100000,3,266,
100000,4,264,
100000,4,262,
100000,4,260,
100000,4,258,
100000,4,256,
100000,4,254,
100000,3,252,
100000,4,250,
100000,4,248,
100000,3,246,
100000,4,244,
100000,4,242,
100000,3,240,
100000,4,238,
100000,4,236,
100000,4,234,
100000,3,232,
100000,4,230,
100000,3,228,
100000,3,226,
100000,4,224,
100000,3,222,
100000,3,220,
100000,4,218,
100000,4,216,
100000,3,214,
100000,4,212,
100000,3,210,
100000,3,208,
100000,4,206,
100000,4,204,
100000,3,202,
100000,3,200,
100000,4,198,
100000,3,196,
100000,3,194,
100000,3,192,
100000,3,190,
100000,4,188,
100000,4,186,
100000,3,184,
100000,4,182,
100000,3,180,
100000,3,178,
100000,3,176,
100000,4,174,
100000,3,172,
100000,4,170,
100000,4,168,
100000,4,166,
100000,3,164,
100000,3,162,
100000,4,160,
100000,4,158,
100000,3,156,
100000,3,154,
100000,4,152,
100000,4,150,
100000,4,148,
100000,4,146,
100000,3,144,
100000,4,142,
100000,4,140,
100000,4,138,
100000,4,136,
100000,3,134,
100000,3,132,
100000,3,130,
100000,3,128,
100000,3,126,
100000,4,124,
100000,4,122,
100000,3,120,
100000,3,118,
100000,3,116,
100000,4,114,
100000,3,112,
100000,4,110,
100000,4,108,
100000,4,106,
100000,3,104,
100000,3,102,
100000,3,100,
100000,4,98,
100000,3,96,
100000,4,94,
100000,4,92,
100000,4,90,
100000,4,88,
100000,3,86,
100000,3,84,
100000,4,82,
100000,3,80,
100000,4,78,
100000,3,76,
100000,4,74,
100000,3,72,
100000,3,70,
100000,4,68,
100000,3,66,
100000,4,64,
100000,3,62,
100000,3,60,
100000,3,58,
100000,4,56,
100000,4,54,
100000,4,52,
100000,3,50,
100000,3,48,
100000,4,46,
100000,3,44,
100000,3,42,
100000,3,40,
100000,4,38,
100000,4,36,
100000,4,34,
100000,3,32,
100000,4,30,
100000,4,28,
100000,3,26,
100000,3,24,
100000,4,22,
100000,4,20,
100000,3,18,
100000,3,16,
100000,4,14,
100000,3,12,
100000,4,10,
100000,3,8,
100000,4,6,
100000,4,4,
100000,3,2,
